Workbook

Sheet Diseño Curricular
A1: Curso | B1: 90 - Programacion de Computadoras 1 | F1: ⬅️ Seleccióna el curso.
A3: No. | B3: Competencia | C3: Unidad | D3: Tema | E3: Subtema | F3: Mes | G3: Semana
A4: 1 | B4: Aplica conceptos fundamentales de programación mediante ejercicios prácticos y análisis de código, en entornos virtuales de laboratorio para desarrollar el pensamiento lógico y computacional | C4: 1 | D4: Inicio y Diagnóstico | E4: ¿Qué es la programación? | F4: Julio | G4: 1
A5: 2 | B5: Aplica conceptos fundamentales de programación mediante ejercicios prácticos y análisis de código, en entornos virtuales de laboratorio para desarrollar el pensamiento lógico y computacional | C5: 1 | D5: Inicio y Diagnóstico | E5: ¿Qué es un lenguaje de programación? | F5: Julio | G5: 1
A6: 3 | B6: Aplica conceptos fundamentales de programación mediante ejercicios prácticos y análisis de código, en entornos virtuales de laboratorio para desarrollar el pensamiento lógico y computacional | C6: 1 | D6: Inicio y Diagnóstico | E6: Variables y tipos de variables | F6: Julio | G6: 1
A7: 4 | B7: Aplica conceptos fundamentales de programación mediante ejercicios prácticos y análisis de código, en entornos virtuales de laboratorio para desarrollar el pensamiento lógico y computacional | C7: 1 | D7: Inicio y Diagnóstico | E7: Tipos de variables | F7: Julio | G7: 1
A8: 5 | B8: Aplica conceptos fundamentales de programación mediante ejercicios prácticos y análisis de código, en entornos virtuales de laboratorio para desarrollar el pensamiento lógico y computacional | C8: 1 | D8: Inicio y Diagnóstico | E8: Estructuras de control | F8: Julio | G8: 1
A9: 6 | B9: Aplica conceptos fundamentales de programación mediante ejercicios prácticos y análisis de código, en entornos virtuales de laboratorio para desarrollar el pensamiento lógico y computacional | C9: 1 | D9: Inicio y Diagnóstico | E9: Condiciones en programación | F9: Julio | G9: 1
A10: 7 | B10: Aplica conceptos fundamentales de programación mediante ejercicios prácticos y análisis de código, en entornos virtuales de laboratorio para desarrollar el pensamiento lógico y computacional | C10: 1 | D10: Inicio y Diagnóstico | E10: Ejemplos prácticos de estructuras de control | F10: Julio | G10: 1
A11: 8 | B11: Aplica conceptos fundamentales de programación mediante ejercicios prácticos y análisis de código, en entornos virtuales de laboratorio para desarrollar el pensamiento lógico y computacional | C11: 1 | D11: Inicio y Diagnóstico | E11: Introducción a las máquinas virtuales | F11: Julio | G11: 2
A12: 9 | B12: Evalúa resultados obtenidos en procesos de programación y ofimática utilizando pruebas de funcionamiento, revisión crítica de errores y optimización de recursos bajo criterios de funcionalidad y eficiencia | C12: 2 | D12: Maquinas Virtuales | E12: Instalación de VirtualBox | F12: Julio | G12: 2
A13: 10 | B13: Evalúa resultados obtenidos en procesos de programación y ofimática utilizando pruebas de funcionamiento, revisión crítica de errores y optimización de recursos bajo criterios de funcionalidad y eficiencia | C13: 2 | D13: Maquinas Virtuales | E13: Configuración de la VM | F13: Julio | G13: 2
A14: 11 | B14: Evalúa resultados obtenidos en procesos de programación y ofimática utilizando pruebas de funcionamiento, revisión crítica de errores y optimización de recursos bajo criterios de funcionalidad y eficiencia | C14: 2 | D14: Maquinas Virtuales | E14: Requisitos mínimos para la VM | F14: Julio | G14: 2
A15: 12 | B15: Evalúa resultados obtenidos en procesos de programación y ofimática utilizando pruebas de funcionamiento, revisión crítica de errores y optimización de recursos bajo criterios de funcionalidad y eficiencia | C15: 2 | D15: Maquinas Virtuales | E15: Uso del DTT en el entorno de desarrollo | F15: Julio | G15: 2
... A87: 84 | B87: Evalúa resultados obtenidos en procesos de programación y ofimática utilizando pruebas de funcionamiento, revisión crítica de errores y optimización de recursos bajo criterios de funcionalidad y eficiencia | C87: 12 | D87: Final del Curso | E87: Retroalimentación de los estudiantes | F87: Octubre | G87: 12

Sheet S.Diagnostico
A1: Curso | B1: ='Diseño Curricular'!B1 -> 90 - Programacion de Computadoras 1
A3: Semana | B3: 0
A5: Valores | B5: Responsabilidad: Cumplir con tareas y tiempos establecidos. Honestidad: Realizar trabajos propios sin copiar. Colaboración: Trabajar en equipo y ayudar a otros. Disciplina: Usar correctamente las herramientas tecnológicas. Creatividad: Buscar soluciones originales y prácticas.
A6: * Recuerda que las competencias tambien forman valores identifica el valor o valores que transmitiras esa semana
A8: Nota | B8: En reunion del dia sabado 5 de abril de 2024 se tomo la decision por medio de un consenso entre los tutores que la primera semana se realizara el diagnistico del estudiante para ver los conocimientos con que cuenta
A10: No. | B10: Actividad | C10: Recurso Empleado | D10: Tiempo aproximado
A11: 1 | B11: Presentación Quien soy | C11: Presentacion | D11: 5
A12: 2 | B12: Conozco a los estudiantes | C12: Ruleta/ otros para escoger a 5 estudiantes para que se presenten | D12: 15
A13: 3 | B13: Diagnostico de conocimientos del curso anterior | C13: Cuestionario / Actividad | D13: 40
A14: 4 | B14: Exploramos el programa | C14: Lectura Explicativa | D14: 20
A15: 5 | B15: Diagnostico del nuevo contenido | C15: Cuestionario / Actividad | D15: 20

Sheet S.1
A1: Curso | B1: ='Diseño Curricular'!B1 -> 90 - Programacion de Computadoras 1
A3: Semana | B3: 1
A5: Valores | B5: Responsabilidad: Cumplir con tareas y tiempos establecidos. Honestidad: Realizar trabajos propios sin copiar. Colaboración: Trabajar en equipo y ayudar a otros. Disciplina: Usar correctamente las herramientas tecnológicas. Creatividad: Buscar soluciones originales y prácticas.
A6: * Recuerda que las competencias tambien forman valores identifica el valor o valores que transmitiras esa semana
A8: Cronograma | B8: Para mantener la atención, es recomendable variar la dinámica de la clase cada cierto tiempo, integrando actividades como preguntas, ejercicios prácticos o discusiones en grupo. Esto es clave para la educación por competencias, ya que el aprendizaje debe ser activo y aplicado.
A11: Ponderacion | B11: =SUM(C36:G36) -> 0 | F11: Total de tiempo | H11: =H25+H45+H53 -> 100
A13: Area de conocimiento
C14: Tipo de Recurso | D14: Presentacion | E14: Video | F14: Lectura Explicativa | G14: Otros
C15: Tiempo Max | D15: 25 | E15: 10 | F15: 25 | G15: 25
C16: Tiempo Planificado | D16: 25 | E16: 10 | F16: 25 | G16: 25
A17: No. | B17: Tema | C17: Subtema
A18: 1 | B18: =IFERROR(__xludf.DUMMYFUNCTION("FILTER('Diseño Curricular'!D:D,'Diseño Curricular'!G:G=$B$3)"),"Inicio y Diagnóstico") -> Inicio y Diagnóstico | C18: ¿Qué es la programación? | D18: 5 | E18: 2 | F18: 4
A19: 2 | B19: =IFERROR(__xludf.DUMMYFUNCTION("""COMPUTED_VALUE"""),"Inicio y Diagnóstico") -> Inicio y Diagnóstico | C19: ¿Qué es un lenguaje de programación? | D19: 5 | E19: 2 | F19: 4
A20: 3 | B20: =IFERROR(__xludf.DUMMYFUNCTION("""COMPUTED_VALUE"""),"Inicio y Diagnóstico") -> Inicio y Diagnóstico | C20: Variables y tipos de variables | D20: 5 | E20: 2 | F20: 4
A21: 4 | B21: =IFERROR(__xludf.DUMMYFUNCTION("""COMPUTED_VALUE"""),"Inicio y Diagnóstico") -> Inicio y Diagnóstico | C21: Tipos de variables | D21: 5 | E21: 2 | F21: 4
A22: 5 | B22: =IFERROR(__xludf.DUMMYFUNCTION("""COMPUTED_VALUE"""),"Inicio y Diagnóstico") -> Inicio y Diagnóstico | C22: Estructuras de control | D22: 5 | E22: 2 | F22: 4
A23: 6 | B23: =IFERROR(__xludf.DUMMYFUNCTION("""COMPUTED_VALUE"""),"Inicio y Diagnóstico") -> Inicio y Diagnóstico | C23: Condiciones en programación | F23: 4
A24: 7 | B24: =IFERROR(__xludf.DUMMYFUNCTION("""COMPUTED_VALUE"""),"Inicio y Diagnóstico") -> Inicio y Diagnóstico | C24: Ejemplos prácticos de estructuras de control | G24: 20
G25: Sub total de tiempo | H25: =SUM(D16:G16) -> 85
A26: Marca con una x en recurso que planificas usar para impartir el conocimiento
A27: Otros : puedes modificarlo e indicar que recurso usarias por ejemplo simuladores
A29: Area de Habilidades
A30: Recordatorio
A31: Dentro de los 100 minutos de clase toma en cuenta incluir un tiempo para formar la habilidad del estudiante. Aprender haciendo.
A33: No. | B33: Tipo | C33: Ejercicio | D33: Practica | E33: Actividad | F33: Otros | G33: Cuestionario
B34: Tiempo Maximo | C34: 25 | D34: 25 | E34: 25 | F34: 25 | G34: 15
B35: Tiempo Planificado | G35: 15
B36: Ponderacion
B37: Competencia
A38: 1 | B38: Crea soluciones digitales utilizando entornos de programación visual y aplicaciones de ofimática con estrategias de automatización básica y diseño de bases de datos para resolver problemas reales de forma efectiva | E38: 10
A39: 2 | B39: Aplica conceptos fundamentales de programación mediante ejercicios prácticos y análisis de código, en entornos virtuales de laboratorio para desarrollar el pensamiento lógico y computacional | E39: 5
A40: 3
A41: 4
A42: 5
A43: 6
A44: 7
G45: Sub total de tiempo | H45: =SUM(C35:G35) -> 15
A46: Marca con una x en recurso que planificas usar para impartir el conocimiento
A47: Otros : puedes modificarlo e indicar que recurso usarias por ejemplo exposiciones
A48: Cierre
A50: No. | B50: Presentacion de power point/canva/google | F50: Tipo | G50: Dudas
A51: 1 | B51: x | F51: Tiempo Maximo | G51: 10
A52: 2 | F52: Tiempo Planificado | G52: 0
G53: Sub total de tiempo | H53: =G52 -> 0

Sheet S.2
A1: Curso | B1: ='Diseño Curricular'!B1 -> 90 - Programacion de Computadoras 1
A3: Semana | B3: 2
A5: Valores | B5: Responsabilidad: Cumplir con tareas y tiempos establecidos. Honestidad: Realizar trabajos propios sin copiar. Colaboración: Trabajar en equipo y ayudar a otros. Disciplina: Usar correctamente las herramientas tecnológicas. Creatividad: Buscar soluciones originales y prácticas.
A6: * Recuerda que las competencias tambien forman valores identifica el valor o valores que transmitiras esa semana
A8: Cronograma | B8: Para mantener la atención, es recomendable variar la dinámica de la clase cada cierto tiempo, integrando actividades como preguntas, ejercicios prácticos o discusiones en grupo. Esto es clave para la educación por competencias, ya que el aprendizaje debe ser activo y aplicado.
A11: Ponderacion | B11: =SUM(C36:G36) -> 0 | F11: Total de tiempo | H11: =H25+H45+H53 -> 105
A13: Area de conocimiento
C14: Tipo de Recurso | D14: Presentacion | E14: Video | F14: Lectura Explicativa | G14: Otros
C15: Tiempo Max | D15: 25 | E15: 10 | F15: 25 | G15: 25
C16: Tiempo Planificado | D16: 25 | E16: 10 | F16: 25 | G16: 20
A17: No. | B17: Tema | C17: Subtema
A18: 1 | B18: =IFERROR(__xludf.DUMMYFUNCTION("FILTER('Diseño Curricular'!D:D,'Diseño Curricular'!G:G=$B$3)"),"Inicio y Diagnóstico") -> Inicio y Diagnóstico | C18: Introducción a las máquinas virtuales | D18: 5 | E18: 2 | F18: 4
A19: 2 | B19: =IFERROR(__xludf.DUMMYFUNCTION("""COMPUTED_VALUE"""),"Maquinas Virtuales") -> Maquinas Virtuales | C19: Instalación de VirtualBox | D19: 5 | E19: 2 | F19: 4
A20: 3 | B20: =IFERROR(__xludf.DUMMYFUNCTION("""COMPUTED_VALUE"""),"Maquinas Virtuales") -> Maquinas Virtuales | C20: Configuración de la VM | D20: 5 | E20: 2 | F20: 4
A21: 4 | B21: =IFERROR(__xludf.DUMMYFUNCTION("""COMPUTED_VALUE"""),"Maquinas Virtuales") -> Maquinas Virtuales | C21: Requisitos mínimos para la VM | D21: 5 | E21: 2 | F21: 4
A22: 5 | B22: =IFERROR(__xludf.DUMMYFUNCTION("""COMPUTED_VALUE"""),"Maquinas Virtuales") -> Maquinas Virtuales | C22: Uso del DTT en el entorno de desarrollo | D22: 5 | E22: 2 | F22: 4
A23: 6 | B23: =IFERROR(__xludf.DUMMYFUNCTION("""COMPUTED_VALUE"""),"Maquinas Virtuales") -> Maquinas Virtuales | C23: Práctica en pareja con VM | F23: 4
A24: 7 | B24: =IFERROR(__xludf.DUMMYFUNCTION("""COMPUTED_VALUE"""),"Maquinas Virtuales") -> Maquinas Virtuales | C24: Resolución de dudas en foros | G24: 25
G25: Sub total de tiempo | H25: =SUM(D16:G16) -> 80
A26: Marca con una x en recurso que planificas usar para impartir el conocimiento
A27: Otros : puedes modificarlo e indicar que recurso usarias por ejemplo simuladores
A29: Area de Habilidades
A30: Recordatorio
A31: Dentro de los 100 minutos de clase toma en cuenta incluir un tiempo para formar la habilidad del estudiante. Aprender haciendo.
A33: No. | B33: Tipo | C33: Ejercicio | D33: Practica | E33: Actividad | F33: Otros | G33: Cuestionario
B34: Tiempo Maximo | C34: 25 | D34: 25 | E34: 25 | F34: 25 | G34: 15
B35: Tiempo Planificado | G35: 15
B36: Ponderacion
B37: Competencia
A38: 1 | B38: Crea soluciones digitales utilizando entornos de programación visual y aplicaciones de ofimática con estrategias de automatización básica y diseño de bases de datos para resolver problemas reales de forma efectiva | E38: 10
A39: 2 | B39: Aplica conceptos fundamentales de programación mediante ejercicios prácticos y análisis de código, en entornos virtuales de laboratorio para desarrollar el pensamiento lógico y computacional | E39: 5
A40: 3
A41: 4
A42: 5
A43: 6
A44: 7
G45: Sub total de tiempo | H45: =SUM(C35:G35) -> 15
A46: Marca con una x en recurso que planificas usar para impartir el conocimiento
A47: Otros : puedes modificarlo e indicar que recurso usarias por ejemplo exposiciones
A48: Cierre
A50: No. | B50: Presentacion de power point/canva/google | F50: Tipo | G50: Dudas
A51: 1 | B51: x | F51: Tiempo Maximo | G51: 10
A52: 2 | F52: Tiempo Planificado | G52: 10
G53: Sub total de tiempo | H53: =G52 -> 10

Sheet S.3
A1: Curso | B1: ='Diseño Curricular'!B1 -> 90 - Programacion de Computadoras 1
A3: Semana | B3: 3
A5: Valores | B5: Responsabilidad: Cumplir con tareas y tiempos establecidos. Honestidad: Realizar trabajos propios sin copiar. Colaboración: Trabajar en equipo y ayudar a otros. Disciplina: Usar correctamente las herramientas tecnológicas. Creatividad: Buscar soluciones originales y prácticas.
A6: * Recuerda que las competencias tambien forman valores identifica el valor o valores que transmitiras esa semana
A8: Cronograma | B8: Para mantener la atención, es recomendable variar la dinámica de la clase cada cierto tiempo, integrando actividades como preguntas, ejercicios prácticos o discusiones en grupo. Esto es clave para la educación por competencias, ya que el aprendizaje debe ser activo y aplicado.
A11: Ponderacion | B11: =SUM(C36:G36) -> 0 | F11: Total de tiempo | H11: =H25+H45+H53 -> 100
A13: Area de conocimiento
C14: Tipo de Recurso | D14: Presentacion | E14: Video | F14: Lectura Explicativa | G14: Otros
C15: Tiempo Max | D15: 25 | E15: 10 | F15: 25 | G15: 20
C16: Tiempo Planificado | D16: 25 | E16: 10 | F16: 25 | G16: 20
A17: No. | B17: Tema | C17: Subtema
A18: 1 | B18: =IFERROR(__xludf.DUMMYFUNCTION("FILTER('Diseño Curricular'!D:D,'Diseño Curricular'!G:G=$B$3)"),"Introducción al Paquete Microsoft Office") -> Introducción al Paquete Microsoft Office | C18: =IFERROR(__xludf.DUMMYFUNCTION("FILTER('Diseño Curricular'!E:E,'Diseño Curricular'!G:G=$B$3)"),"Lectura General Microsoft Office") -> Lectura General Microsoft Office | D18: 5 | E18: 2 | F18: 4
A19: 2 | B19: =IFERROR(__xludf.DUMMYFUNCTION("""COMPUTED_VALUE"""),"Introducción al Paquete Microsoft Office") -> Introducción al Paquete Microsoft Office | C19: =IFERROR(__xludf.DUMMYFUNCTION("""COMPUTED_VALUE"""),"Lectura General Microsoft Word") -> Lectura General Microsoft Word | D19: 5 | E19: 2 | F19: 4
A20: 3 | B20: =IFERROR(__xludf.DUMMYFUNCTION("""COMPUTED_VALUE"""),"Introducción al Paquete Microsoft Office") -> Introducción al Paquete Microsoft Office | C20: =IFERROR(__xludf.DUMMYFUNCTION("""COMPUTED_VALUE"""),"Lectura General Microsoft Excel") -> Lectura General Microsoft Excel | D20: 5 | E20: 2 | F20: 4
A21: 4 | B21: =IFERROR(__xludf.DUMMYFUNCTION("""COMPUTED_VALUE"""),"Introducción al Paquete Microsoft Office") -> Introducción al Paquete Microsoft Office | C21: =IFERROR(__xludf.DUMMYFUNCTION("""COMPUTED_VALUE"""),"Lectura General Microsoft Power Point") -> Lectura General Microsoft Power Point | D21: 5 | E21: 2 | F21: 4
A22: 5 | B22: =IFERROR(__xludf.DUMMYFUNCTION("""COMPUTED_VALUE"""),"Introducción al Paquete Microsoft Office") -> Introducción al Paquete Microsoft Office | C22: =IFERROR(__xludf.DUMMYFUNCTION("""COMPUTED_VALUE"""),"Lectura General Microsoft Access") -> Lectura General Microsoft Access | D22: 5 | E22: 2 | F22: 4
A23: 6 | B23: =IFERROR(__xludf.DUMMYFUNCTION("""COMPUTED_VALUE"""),"Introducción al Paquete Microsoft Office") -> Introducción al Paquete Microsoft Office | C23: =IFERROR(__xludf.DUMMYFUNCTION("""COMPUTED_VALUE"""),"Lectura de la práctica única") -> Lectura de la práctica única | F23: 4
A24: 7 | B24: =IFERROR(__xludf.DUMMYFUNCTION("""COMPUTED_VALUE"""),"Introducción al Paquete Microsoft Office") -> Introducción al Paquete Microsoft Office | C24: =IFERROR(__xludf.DUMMYFUNCTION("""COMPUTED_VALUE"""),"preguntas y dudas") -> preguntas y dudas | G24: 25
G25: Sub total de tiempo | H25: =SUM(D16:G16) -> 80
A26: Marca con una x en recurso que planificas usar para impartir el conocimiento
A27: Otros : puedes modificarlo e indicar que recurso usarias por ejemplo simuladores
A29: Area de Habilidades
A30: Recordatorio
A31: Dentro de los 100 minutos de clase toma en cuenta incluir un tiempo para formar la habilidad del estudiante. Aprender haciendo.
A33: No. | B33: Tipo | C33: Ejercicio | D33: Practica | E33: Actividad | F33: Otros | G33: Cuestionario
B34: Tiempo Maximo | C34: 25 | D34: 25 | E34: 25 | F34: 25 | G34: 15
B35: Tiempo Planificado | G35: 15
B36: Ponderacion
B37: Competencia
A38: 1 | B38: Crea soluciones digitales utilizando entornos de programación visual y aplicaciones de ofimática con estrategias de automatización básica y diseño de bases de datos para resolver problemas reales de forma efectiva | C38: 10
A39: 2 | B39: Integra herramientas de ofimática como Word, Excel, PowerPoint y Access en la resolución de tareas y proyectos con base en situaciones académicas y laborales comunes | C39: 5
A40: 3
A41: 4
A42: 5
A43: 6
A44: 7
G45: Sub total de tiempo | H45: =SUM(C35:G35) -> 15
A46: Marca con una x en recurso que planificas usar para impartir el conocimiento
A47: Otros : puedes modificarlo e indicar que recurso usarias por ejemplo exposiciones
A48: Cierre
A50: No. | B50: Presentacion de power point/canva/google | F50: Tipo | G50: Dudas
A51: 1 | B51: x | F51: Tiempo Maximo | G51: 10
A52: 2 | F52: Tiempo Planificado | G52: 5
G53: Sub total de tiempo | H53: =G52 -> 5

Sheet S.4
A1: Curso | B1: ='Diseño Curricular'!B1 -> 90 - Programacion de Computadoras 1
A3: Semana | B3: 4
A5: Valores | B5: Responsabilidad: Cumplir con tareas y tiempos establecidos. Honestidad: Realizar trabajos propios sin copiar. Colaboración: Trabajar en equipo y ayudar a otros. Disciplina: Usar correctamente las herramientas tecnológicas. Creatividad: Buscar soluciones originales y prácticas.
A6: * Recuerda que las competencias tambien forman valores identifica el valor o valores que transmitiras esa semana
A8: Cronograma | B8: Para mantener la atención, es recomendable variar la dinámica de la clase cada cierto tiempo, integrando actividades como preguntas, ejercicios prácticos o discusiones en grupo. Esto es clave para la educación por competencias, ya que el aprendizaje debe ser activo y aplicado.
A11: Ponderacion | B11: 5 | F11: Total de tiempo | H11: =H25+H45+H53 -> 100
A13: Area de conocimiento
C14: Tipo de Recurso | D14: Presentacion | E14: Video | F14: Lectura Explicativa | G14: Otros
C15: Tiempo Max | D15: 25 | E15: 10 | F15: 25 | G15: 25
C16: Tiempo Planificado | D16: 25 | E16: 10 | F16: 25 | G16: 20
A17: No. | B17: Tema | C17: Subtema
A18: 1 | B18: =IFERROR(__xludf.DUMMYFUNCTION("FILTER('Diseño Curricular'!D:D,'Diseño Curricular'!G:G=$B$3)"),"Herramientas de Excel") -> Herramientas de Excel | C18: =IFERROR(__xludf.DUMMYFUNCTION("FILTER('Diseño Curricular'!E:E,'Diseño Curricular'!G:G=$B$3)"),"Manipulación de celdas") -> Manipulación de celdas | D18: 5 | E18: 2 | F18: 4
A19: 2 | B19: =IFERROR(__xludf.DUMMYFUNCTION("""COMPUTED_VALUE"""),"Herramientas de Excel") -> Herramientas de Excel | C19: =IFERROR(__xludf.DUMMYFUNCTION("""COMPUTED_VALUE"""),"Fórmulas") -> Fórmulas | D19: 5 | E19: 2 | F19: 4
A20: 3 | B20: =IFERROR(__xludf.DUMMYFUNCTION("""COMPUTED_VALUE"""),"Herramientas de Excel") -> Herramientas de Excel | C20: =IFERROR(__xludf.DUMMYFUNCTION("""COMPUTED_VALUE"""),"Funciones") -> Funciones | D20: 5 | E20: 2 | F20: 4
A21: 4 | B21: =IFERROR(__xludf.DUMMYFUNCTION("""COMPUTED_VALUE"""),"Herramientas de Excel") -> Herramientas de Excel | C21: =IFERROR(__xludf.DUMMYFUNCTION("""COMPUTED_VALUE"""),"Creación de gráficos") -> Creación de gráficos | D21: 5 | E21: 2 | F21: 4
A22: 5 | B22: =IFERROR(__xludf.DUMMYFUNCTION("""COMPUTED_VALUE"""),"Herramientas de Excel") -> Herramientas de Excel | C22: =IFERROR(__xludf.DUMMYFUNCTION("""COMPUTED_VALUE"""),"Análisis de datos en Excel") -> Análisis de datos en Excel | D22: 5 | E22: 2 | F22: 4
A23: 6 | B23: =IFERROR(__xludf.DUMMYFUNCTION("""COMPUTED_VALUE"""),"Herramientas de Excel") -> Herramientas de Excel | C23: =IFERROR(__xludf.DUMMYFUNCTION("""COMPUTED_VALUE"""),"Uso de tablas dinámicas") -> Uso de tablas dinámicas | F23: 4
A24: 7 | B24: =IFERROR(__xludf.DUMMYFUNCTION("""COMPUTED_VALUE"""),"Herramientas de Excel") -> Herramientas de Excel | C24: =IFERROR(__xludf.DUMMYFUNCTION("""COMPUTED_VALUE"""),"Ejemplos practicos") -> Ejemplos practicos | G24: 20
G25: Sub total de tiempo | H25: 80
A26: Marca con una x en recurso que planificas usar para impartir el conocimiento
A27: Otros : puedes modificarlo e indicar que recurso usarias por ejemplo simuladores
A29: Area de Habilidades
A30: Recordatorio
A31: Dentro de los 100 minutos de clase toma en cuenta incluir un tiempo para formar la habilidad del estudiante. Aprender haciendo.
A33: No. | B33: Tipo | C33: Ejercicio | D33: Practica | E33: Actividad | F33: Otros | G33: Cuestionario
B34: Tiempo Maximo | C34: 25 | D34: 25 | E34: 25 | F34: 25 | G34: 15
B35: Tiempo Planificado | G35: 15
B36: Ponderacion
B37: Competencia
A38: 1 | B38: Crea soluciones digitales utilizando entornos de programación visual y aplicaciones de ofimática con estrategias de automatización básica y diseño de bases de datos para resolver problemas reales de forma efectiva | G38: 10
A39: 2 | B39: Integra herramientas de ofimática como Word, Excel, PowerPoint y Access en la resolución de tareas y proyectos con base en situaciones académicas y laborales comunes
A40: 3
A41: 4
A42: 5
A43: 6
A44: 7
G45: Sub total de tiempo | H45: 10
A46: Marca con una x en recurso que planificas usar para impartir el conocimiento
A47: Otros : puedes modificarlo e indicar que recurso usarias por ejemplo exposiciones
A48: Cierre
A50: No. | B50: Presentacion de power point/canva/google | F50: Tipo | G50: Dudas
A51: 1 | B51: x | F51: Tiempo Maximo | G51: 10
A52: 2 | F52: Tiempo Planificado | G52: 10
G53: Sub total de tiempo | H53: =G52 -> 10

Sheet S.5
A1: Curso | B1: ='Diseño Curricular'!B1 -> 90 - Programacion de Computadoras 1
A3: Semana | B3: 5
A5: Valores | B5: Responsabilidad: Cumplir con tareas y tiempos establecidos. Honestidad: Realizar trabajos propios sin copiar. Colaboración: Trabajar en equipo y ayudar a otros. Disciplina: Usar correctamente las herramientas tecnológicas. Creatividad: Buscar soluciones originales y prácticas.
A6: * Recuerda que las competencias tambien forman valores identifica el valor o valores que transmitiras esa semana
A8: Cronograma | B8: Para mantener la atención, es recomendable variar la dinámica de la clase cada cierto tiempo, integrando actividades como preguntas, ejercicios prácticos o discusiones en grupo. Esto es clave para la educación por competencias, ya que el aprendizaje debe ser activo y aplicado.
A11: Ponderacion | B11: =SUM(C36:G36) -> 0 | F11: Total de tiempo | H11: =H25+H45+H53 -> 100
A13: Area de conocimiento
C14: Tipo de Recurso | D14: Presentacion | E14: Video | F14: Lectura Explicativa | G14: Otros
C15: Tiempo Max | D15: 25 | E15: 10 | F15: 25 | G15: 25
C16: Tiempo Planificado | D16: 25 | E16: 10 | F16: 25 | G16: 20
A17: No. | B17: Tema | C17: Subtema
A18: 1 | B18: =IFERROR(__xludf.DUMMYFUNCTION("FILTER('Diseño Curricular'!D:D,'Diseño Curricular'!G:G=$B$3)"),"Integración de formularios y tablas en VBA") -> Integración de formularios y tablas en VBA | C18: =IFERROR(__xludf.DUMMYFUNCTION("FILTER('Diseño Curricular'!E:E,'Diseño Curricular'!G:G=$B$3)"),"Importar y Exportar Excel con macros") -> Importar y Exportar Excel con macros | D18: 5 | E18: 2 | F18: 4
A19: 2 | B19: =IFERROR(__xludf.DUMMYFUNCTION("""COMPUTED_VALUE"""),"Integración de formularios y tablas en VBA") -> Integración de formularios y tablas en VBA | C19: =IFERROR(__xludf.DUMMYFUNCTION("""COMPUTED_VALUE"""),"Funcion de programador en Excel") -> Funcion de programador en Excel | D19: 5 | E19: 2 | F19: 4
A20: 3 | B20: =IFERROR(__xludf.DUMMYFUNCTION("""COMPUTED_VALUE"""),"Integración de formularios y tablas en VBA") -> Integración de formularios y tablas en VBA | C20: =IFERROR(__xludf.DUMMYFUNCTION("""COMPUTED_VALUE"""),"Formularios en excel con VBA") -> Formularios en excel con VBA | D20: 5 | E20: 2 | F20: 4
A21: 4 | B21: =IFERROR(__xludf.DUMMYFUNCTION("""COMPUTED_VALUE"""),"Integración de formularios y tablas en VBA") -> Integración de formularios y tablas en VBA | C21: =IFERROR(__xludf.DUMMYFUNCTION("""COMPUTED_VALUE"""),"Creación de macros en Excel") -> Creación de macros en Excel | D21: 5 | E21: 2 | F21: 4
A22: 5 | B22: =IFERROR(__xludf.DUMMYFUNCTION("""COMPUTED_VALUE"""),"Integración de formularios y tablas en VBA") -> Integración de formularios y tablas en VBA | C22: =IFERROR(__xludf.DUMMYFUNCTION("""COMPUTED_VALUE"""),"Automatización con macros") -> Automatización con macros | D22: 5 | E22: 2 | F22: 4
A23: 6 | B23: =IFERROR(__xludf.DUMMYFUNCTION("""COMPUTED_VALUE"""),"Integración de formularios y tablas en VBA") -> Integración de formularios y tablas en VBA | C23: =IFERROR(__xludf.DUMMYFUNCTION("""COMPUTED_VALUE"""),"Asignar macros a controles en excel") -> Asignar macros a controles en excel | F23: 4
A24: 7 | B24: =IFERROR(__xludf.DUMMYFUNCTION("""COMPUTED_VALUE"""),"Integración de formularios y tablas en VBA") -> Integración de formularios y tablas en VBA | C24: =IFERROR(__xludf.DUMMYFUNCTION("""COMPUTED_VALUE"""),"Ejemplos prácticos de formularios") -> Ejemplos prácticos de formularios | G24: 20
G25: Sub total de tiempo | H25: =SUM(D16:G16) -> 80
A26: Marca con una x en recurso que planificas usar para impartir el conocimiento
A27: Otros : puedes modificarlo e indicar que recurso usarias por ejemplo simuladores
A29: Area de Habilidades
A30: Recordatorio
A31: Dentro de los 100 minutos de clase toma en cuenta incluir un tiempo para formar la habilidad del estudiante. Aprender haciendo.
A33: No. | B33: Tipo | C33: Ejercicio | D33: Practica | E33: Actividad | F33: Otros | G33: Cuestionario
B34: Tiempo Maximo | C34: 25 | D34: 25 | E34: 25 | F34: 25 | G34: 15
B35: Tiempo Planificado | G35: 15
B36: Ponderacion
B37: Competencia
A38: 1 | B38: Crea soluciones digitales utilizando entornos de programación visual y aplicaciones de ofimática con estrategias de automatización básica y diseño de bases de datos para resolver problemas reales de forma efectiva | G38: 5
A39: 2 | B39: Integra herramientas de ofimática como Word, Excel, PowerPoint y Access en la resolución de tareas y proyectos con base en situaciones académicas y laborales comunes | G39: 5
A40: 3 | B40: Diseña macros automatizadas en hojas de cálculo utilizando Visual Basic para Aplicaciones (VBA) mediante la implementación de funciones y ciclos condicionales con conexión a bases de datos para optimizar tareas repetitivas | G40: 5
A41: 4
A42: 5
A43: 6
A44: 7
G45: Sub total de tiempo | H45: =SUM(C35:G35) -> 15
A46: Marca con una x en recurso que planificas usar para impartir el conocimiento
A47: Otros : puedes modificarlo e indicar que recurso usarias por ejemplo exposiciones
A48: Cierre
A50: No. | B50: Presentacion de power point/canva/google | F50: Tipo | G50: Dudas
A51: 1 | B51: x | F51: Tiempo Maximo | G51: 10
A52: 2 | F52: Tiempo Planificado | G52: 5
G53: Sub total de tiempo | H53: =G52 -> 5

Sheet S.6
A1: Curso | B1: ='Diseño Curricular'!B1 -> 90 - Programacion de Computadoras 1
A3: Semana | B3: 6
A5: Valores | B5: Responsabilidad: Cumplir con tareas y tiempos establecidos. Honestidad: Realizar trabajos propios sin copiar. Colaboración: Trabajar en equipo y ayudar a otros. Disciplina: Usar correctamente las herramientas tecnológicas. Creatividad: Buscar soluciones originales y prácticas.
A6: * Recuerda que las competencias tambien forman valores identifica el valor o valores que transmitiras esa semana
A8: Cronograma | B8: Para mantener la atención, es recomendable variar la dinámica de la clase cada cierto tiempo, integrando actividades como preguntas, ejercicios prácticos o discusiones en grupo. Esto es clave para la educación por competencias, ya que el aprendizaje debe ser activo y aplicado.
A11: Ponderacion | B11: =SUM(C36:G36) -> 0 | F11: Total de tiempo | H11: =H25+H45+H53 -> 100
A13: Area de conocimiento
C14: Tipo de Recurso | D14: Presentacion | E14: Video | F14: Lectura Explicativa | G14: Otros
C15: Tiempo Max | D15: 25 | E15: 10 | F15: 25 | G15: 25
C16: Tiempo Planificado | D16: 25 | E16: 10 | F16: 25 | G16: 20
A17: No. | B17: Tema | C17: Subtema
A18: 1 | B18: =IFERROR(__xludf.DUMMYFUNCTION("FILTER('Diseño Curricular'!D:D,'Diseño Curricular'!G:G=$B$3)"),"Diseño de Bases de Datos") -> Diseño de Bases de Datos | C18: =IFERROR(__xludf.DUMMYFUNCTION("FILTER('Diseño Curricular'!E:E,'Diseño Curricular'!G:G=$B$3)"),"¿Qué es un diagrama ER?") -> ¿Qué es un diagrama ER? | D18: 5 | E18: 2 | F18: 4
A19: 2 | B19: =IFERROR(__xludf.DUMMYFUNCTION("""COMPUTED_VALUE"""),"Diseño de Bases de Datos") -> Diseño de Bases de Datos | C19: =IFERROR(__xludf.DUMMYFUNCTION("""COMPUTED_VALUE"""),"Propósito de los diagramas ER") -> Propósito de los diagramas ER | D19: 5 | E19: 2 | F19: 4
A20: 3 | B20: =IFERROR(__xludf.DUMMYFUNCTION("""COMPUTED_VALUE"""),"Diseño de Bases de Datos") -> Diseño de Bases de Datos | C20: =IFERROR(__xludf.DUMMYFUNCTION("""COMPUTED_VALUE"""),"Entidades y atributos") -> Entidades y atributos | D20: 5 | E20: 2 | F20: 4
A21: 4 | B21: =IFERROR(__xludf.DUMMYFUNCTION("""COMPUTED_VALUE"""),"Diseño de Bases de Datos") -> Diseño de Bases de Datos | C21: =IFERROR(__xludf.DUMMYFUNCTION("""COMPUTED_VALUE"""),"Relaciones entre entidades") -> Relaciones entre entidades | D21: 5 | E21: 2 | F21: 4
A22: 5 | B22: =IFERROR(__xludf.DUMMYFUNCTION("""COMPUTED_VALUE"""),"Diseño de Bases de Datos") -> Diseño de Bases de Datos | C22: =IFERROR(__xludf.DUMMYFUNCTION("""COMPUTED_VALUE"""),"Cardinalidad de las relaciones") -> Cardinalidad de las relaciones | D22: 5 | E22: 2 | F22: 4
A23: 6 | B23: =IFERROR(__xludf.DUMMYFUNCTION("""COMPUTED_VALUE"""),"Diseño de Bases de Datos") -> Diseño de Bases de Datos | C23: =IFERROR(__xludf.DUMMYFUNCTION("""COMPUTED_VALUE"""),"Tipos de relaciones (uno a uno, uno a muchos, etc.)") -> Tipos de relaciones (uno a uno, uno a muchos, etc.) | F23: 4
A24: 7 | B24: =IFERROR(__xludf.DUMMYFUNCTION("""COMPUTED_VALUE"""),"Diseño de Bases de Datos") -> Diseño de Bases de Datos | C24: =IFERROR(__xludf.DUMMYFUNCTION("""COMPUTED_VALUE"""),"Ejemplo práctico de un diagrama ER") -> Ejemplo práctico de un diagrama ER | G24: 20
G25: Sub total de tiempo | H25: =SUM(D16:G16) -> 80
A26: Marca con una x en recurso que planificas usar para impartir el conocimiento
A27: Otros : puedes modificarlo e indicar que recurso usarias por ejemplo simuladores
A29: Area de Habilidades
A30: Recordatorio
A31: Dentro de los 100 minutos de clase toma en cuenta incluir un tiempo para formar la habilidad del estudiante. Aprender haciendo.
A33: No. | B33: Tipo | C33: Ejercicio | D33: Practica | E33: Actividad | F33: Otros | G33: Cuestionario
B34: Tiempo Maximo | C34: 25 | D34: 25 | E34: 25 | F34: 25 | G34: 15
B35: Tiempo Planificado | G35: 15
B36: Ponderacion
B37: Competencia
A38: 1 | B38: Crea soluciones digitales utilizando entornos de programación visual y aplicaciones de ofimática con estrategias de automatización básica y diseño de bases de datos para resolver problemas reales de forma efectiva | G38: 10
A39: 2 | B39: Integra herramientas de ofimática como Word, Excel, PowerPoint y Access en la resolución de tareas y proyectos con base en situaciones académicas y laborales comunes | G39: 5
A40: 3
A41: 4
A42: 5
A43: 6
A44: 7
G45: Sub total de tiempo | H45: =SUM(C35:G35) -> 15
A46: Marca con una x en recurso que planificas usar para impartir el conocimiento
A47: Otros : puedes modificarlo e indicar que recurso usarias por ejemplo exposiciones
A48: Cierre
A50: No. | B50: Presentacion de power point/canva/google | F50: Tipo | G50: Dudas
A51: 1 | B51: x | F51: Tiempo Maximo | G51: 10
A52: 2 | F52: Tiempo Planificado | G52: 5
G53: Sub total de tiempo | H53: =G52 -> 5

Sheet S.7
A1: Curso | B1: ='Diseño Curricular'!B1 -> 90 - Programacion de Computadoras 1
A3: Semana | B3: 7
A5: Valores | B5: Responsabilidad: Cumplir con tareas y tiempos establecidos. Honestidad: Realizar trabajos propios sin copiar. Colaboración: Trabajar en equipo y ayudar a otros. Disciplina: Usar correctamente las herramientas tecnológicas. Creatividad: Buscar soluciones originales y prácticas.
A6: * Recuerda que las competencias tambien forman valores identifica el valor o valores que transmitiras esa semana
A8: Cronograma | B8: Para mantener la atención, es recomendable variar la dinámica de la clase cada cierto tiempo, integrando actividades como preguntas, ejercicios prácticos o discusiones en grupo. Esto es clave para la educación por competencias, ya que el aprendizaje debe ser activo y aplicado.
A11: Ponderacion | B11: =SUM(C36:G36) -> 0 | F11: Total de tiempo | H11: =H25+H45+H53 -> 100
A13: Area de conocimiento
C14: Tipo de Recurso | D14: Presentacion | E14: Video | F14: Lectura Explicativa | G14: Otros
C15: Tiempo Max | D15: 25 | E15: 10 | F15: 25 | G15: 25
C16: Tiempo Planificado | D16: 25 | E16: 10 | F16: 25 | G16: 20
A17: No. | B17: Tema | C17: Subtema
A18: 1 | B18: =IFERROR(__xludf.DUMMYFUNCTION("FILTER('Diseño Curricular'!D:D,'Diseño Curricular'!G:G=$B$3)"),"Introduccion a SQL") -> Introduccion a SQL | C18: =IFERROR(__xludf.DUMMYFUNCTION("FILTER('Diseño Curricular'!E:E,'Diseño Curricular'!G:G=$B$3)"),"Que es una sentencia de SQL ") -> Que es una sentencia de SQL | D18: 5 | E18: 2 | F18: 4
A19: 2 | B19: =IFERROR(__xludf.DUMMYFUNCTION("""COMPUTED_VALUE"""),"Introduccion a SQL") -> Introduccion a SQL | C19: =IFERROR(__xludf.DUMMYFUNCTION("""COMPUTED_VALUE"""),"Cuales categorías se divide las sentencias") -> Cuales categorías se divide las sentencias | D19: 5 | E19: 2 | F19: 4
A20: 3 | B20: =IFERROR(__xludf.DUMMYFUNCTION("""COMPUTED_VALUE"""),"Introduccion a SQL") -> Introduccion a SQL | C20: =IFERROR(__xludf.DUMMYFUNCTION("""COMPUTED_VALUE"""),"Lectura de SQL General") -> Lectura de SQL General | D20: 5 | E20: 2 | F20: 4
A21: 4 | B21: =IFERROR(__xludf.DUMMYFUNCTION("""COMPUTED_VALUE"""),"Introduccion a SQL") -> Introduccion a SQL | C21: =IFERROR(__xludf.DUMMYFUNCTION("""COMPUTED_VALUE"""),"Ejemplos de sentencias DDL") -> Ejemplos de sentencias DDL | D21: 5 | E21: 2 | F21: 4
A22: 5 | B22: =IFERROR(__xludf.DUMMYFUNCTION("""COMPUTED_VALUE"""),"Introduccion a SQL") -> Introduccion a SQL | C22: =IFERROR(__xludf.DUMMYFUNCTION("""COMPUTED_VALUE"""),"Ejemplos de sentencias DML") -> Ejemplos de sentencias DML | D22: 5 | E22: 2 | F22: 4
A23: 6 | B23: =IFERROR(__xludf.DUMMYFUNCTION("""COMPUTED_VALUE"""),"Introduccion a SQL") -> Introduccion a SQL | C23: =IFERROR(__xludf.DUMMYFUNCTION("""COMPUTED_VALUE"""),"Estructuras de las sentecias") -> Estructuras de las sentecias | F23: 4
A24: 7 | B24: =IFERROR(__xludf.DUMMYFUNCTION("""COMPUTED_VALUE"""),"Introduccion a SQL") -> Introduccion a SQL | C24: =IFERROR(__xludf.DUMMYFUNCTION("""COMPUTED_VALUE"""),"Ejemplo practico de una base de datos basado en el ER") -> Ejemplo practico de una base de datos basado en el ER | G24: 20
G25: Sub total de tiempo | H25: =SUM(D16:G16) -> 80
A26: Marca con una x en recurso que planificas usar para impartir el conocimiento
A27: Otros : puedes modificarlo e indicar que recurso usarias por ejemplo simuladores
A29: Area de Habilidades
A30: Recordatorio
A31: Dentro de los 100 minutos de clase toma en cuenta incluir un tiempo para formar la habilidad del estudiante. Aprender haciendo.
A33: No. | B33: Tipo | C33: Ejercicio | D33: Practica | E33: Actividad | F33: Otros | G33: Cuestionario
B34: Tiempo Maximo | C34: 25 | D34: 25 | E34: 25 | F34: 25 | G34: 15
B35: Tiempo Planificado | G35: 15
B36: Ponderacion
B37: Competencia
A38: 1 | B38: Crea soluciones digitales utilizando entornos de programación visual y aplicaciones de ofimática con estrategias de automatización básica y diseño de bases de datos para resolver problemas reales de forma efectiva | G38: 5
A39: 2 | B39: Integra herramientas de ofimática como Word, Excel, PowerPoint y Access en la resolución de tareas y proyectos con base en situaciones académicas y laborales comunes | G39: 5
A40: 3 | B40: Formula consultas en bases de datos relacionales empleando herramientas de Access y modelos entidad-relación bajo criterios de integridad y relaciones correctas para organizar y extraer información relevante | G40: 5
A41: 4
A42: 5
A43: 6
A44: 7
G45: Sub total de tiempo | H45: =SUM(C35:G35) -> 15
A46: Marca con una x en recurso que planificas usar para impartir el conocimiento
A47: Otros : puedes modificarlo e indicar que recurso usarias por ejemplo exposiciones
A48: Cierre
A50: No. | B50: Presentacion de power point/canva/google | F50: Tipo | G50: Dudas
A51: 1 | B51: x | F51: Tiempo Maximo | G51: 10
A52: 2 | F52: Tiempo Planificado | G52: 5
G53: Sub total de tiempo | H53: =G52 -> 5

Sheet S.8
A1: Curso | B1: ='Diseño Curricular'!B1 -> 90 - Programacion de Computadoras 1
A3: Semana | B3: 8
A5: Valores | B5: Responsabilidad: Cumplir con tareas y tiempos establecidos. Honestidad: Realizar trabajos propios sin copiar. Colaboración: Trabajar en equipo y ayudar a otros. Disciplina: Usar correctamente las herramientas tecnológicas. Creatividad: Buscar soluciones originales y prácticas.
A6: * Recuerda que las competencias tambien forman valores identifica el valor o valores que transmitiras esa semana
A8: Cronograma | B8: Para mantener la atención, es recomendable variar la dinámica de la clase cada cierto tiempo, integrando actividades como preguntas, ejercicios prácticos o discusiones en grupo. Esto es clave para la educación por competencias, ya que el aprendizaje debe ser activo y aplicado.
A11: Ponderacion | B11: 5 | F11: Total de tiempo | H11: =H25+H45+H53 -> 100
A13: Area de conocimiento
C14: Tipo de Recurso | D14: Presentacion | E14: Video | F14: Lectura Explicativa | G14: Otros
C15: Tiempo Max | D15: 25 | E15: 10 | F15: 25 | G15: 25
C16: Tiempo Planificado | D16: 25 | E16: 10 | F16: 25 | G16: 20
A17: No. | B17: Tema | C17: Subtema
A18: 1 | B18: =IFERROR(__xludf.DUMMYFUNCTION("FILTER('Diseño Curricular'!D:D,'Diseño Curricular'!G:G=$B$3)"),"Implementación en Access") -> Implementación en Access | C18: =IFERROR(__xludf.DUMMYFUNCTION("FILTER('Diseño Curricular'!E:E,'Diseño Curricular'!G:G=$B$3)"),"Importancia de diagramas ER") -> Importancia de diagramas ER | D18: 5 | E18: 2 | F18: 4
A19: 2 | B19: =IFERROR(__xludf.DUMMYFUNCTION("""COMPUTED_VALUE"""),"Implementación en Access") -> Implementación en Access | C19: =IFERROR(__xludf.DUMMYFUNCTION("""COMPUTED_VALUE"""),"Creación de tablas") -> Creación de tablas | D19: 5 | E19: 2 | F19: 4
A20: 3 | B20: =IFERROR(__xludf.DUMMYFUNCTION("""COMPUTED_VALUE"""),"Implementación en Access") -> Implementación en Access | C20: =IFERROR(__xludf.DUMMYFUNCTION("""COMPUTED_VALUE"""),"Definición de campos y tipos de datos") -> Definición de campos y tipos de datos | D20: 5 | E20: 2 | F20: 4
A21: 4 | B21: =IFERROR(__xludf.DUMMYFUNCTION("""COMPUTED_VALUE"""),"Implementación en Access") -> Implementación en Access | C21: =IFERROR(__xludf.DUMMYFUNCTION("""COMPUTED_VALUE"""),"Relaciones entre tablas") -> Relaciones entre tablas | D21: 5 | E21: 2 | F21: 4
A22: 5 | B22: =IFERROR(__xludf.DUMMYFUNCTION("""COMPUTED_VALUE"""),"Implementación en Access") -> Implementación en Access | C22: =IFERROR(__xludf.DUMMYFUNCTION("""COMPUTED_VALUE"""),"Creación de consultas en Access") -> Creación de consultas en Access | D22: 5 | E22: 2 | F22: 4
A23: 6 | B23: =IFERROR(__xludf.DUMMYFUNCTION("""COMPUTED_VALUE"""),"Implementación en Access") -> Implementación en Access | C23: =IFERROR(__xludf.DUMMYFUNCTION("""COMPUTED_VALUE"""),"Formularios en Access") -> Formularios en Access | F23: 4
A24: 7 | B24: =IFERROR(__xludf.DUMMYFUNCTION("""COMPUTED_VALUE"""),"Implementación en Access") -> Implementación en Access | C24: =IFERROR(__xludf.DUMMYFUNCTION("""COMPUTED_VALUE"""),"Lectura de la proyecto único") -> Lectura de la proyecto único | G24: 20
G25: Sub total de tiempo | H25: =SUM(D16:G16) -> 80
A26: Marca con una x en recurso que planificas usar para impartir el conocimiento
A27: Otros : puedes modificarlo e indicar que recurso usarias por ejemplo simuladores
A29: Area de Habilidades
A30: Recordatorio
A31: Dentro de los 100 minutos de clase toma en cuenta incluir un tiempo para formar la habilidad del estudiante. Aprender haciendo.
A33: No. | B33: Tipo | C33: Ejercicio | D33: Practica | E33: Actividad | F33: Otros | G33: Cuestionario
B34: Tiempo Maximo | C34: 25 | D34: 25 | E34: 25 | F34: 25 | G34: 15
B35: Tiempo Planificado | G35: 15
B36: Ponderacion
B37: Competencia
A38: 1 | B38: Crea soluciones digitales utilizando entornos de programación visual y aplicaciones de ofimática con estrategias de automatización básica y diseño de bases de datos para resolver problemas reales de forma efectiva | G38: 5
A39: 2 | B39: Integra herramientas de ofimática como Word, Excel, PowerPoint y Access en la resolución de tareas y proyectos con base en situaciones académicas y laborales comunes | G39: 5
A40: 3 | B40: Formula consultas en bases de datos relacionales empleando herramientas de Access y modelos entidad-relación bajo criterios de integridad y relaciones correctas para organizar y extraer información relevante | G40: 5
A41: 4
A42: 5
A43: 6
A44: 7
G45: Sub total de tiempo | H45: =SUM(C35:G35) -> 15
A46: Marca con una x en recurso que planificas usar para impartir el conocimiento
A47: Otros : puedes modificarlo e indicar que recurso usarias por ejemplo exposiciones
A48: Cierre
A50: No. | B50: Presentacion de power point/canva/google | F50: Tipo | G50: Dudas
A51: 1 | B51: x | F51: Tiempo Maximo | G51: 10
A52: 2 | F52: Tiempo Planificado | G52: 5
G53: Sub total de tiempo | H53: =G52 -> 5

Sheet S.9
A1: Curso | B1: ='Diseño Curricular'!B1 -> 90 - Programacion de Computadoras 1
A3: Semana | B3: 9
A5: Valores | B5: Responsabilidad: Cumplir con tareas y tiempos establecidos. Honestidad: Realizar trabajos propios sin copiar. Colaboración: Trabajar en equipo y ayudar a otros. Disciplina: Usar correctamente las herramientas tecnológicas. Creatividad: Buscar soluciones originales y prácticas.
A6: * Recuerda que las competencias tambien forman valores identifica el valor o valores que transmitiras esa semana
A8: Cronograma | B8: Para mantener la atención, es recomendable variar la dinámica de la clase cada cierto tiempo, integrando actividades como preguntas, ejercicios prácticos o discusiones en grupo. Esto es clave para la educación por competencias, ya que el aprendizaje debe ser activo y aplicado.
A11: Ponderacion | B11: 0 | F11: Total de tiempo | H11: =H25+H45+H53 -> 100
A13: Area de conocimiento
C14: Tipo de Recurso | D14: Presentacion | E14: Video | F14: Lectura Explicativa | G14: Otros
C15: Tiempo Max | D15: 25 | E15: 10 | F15: 25 | G15: 25
C16: Tiempo Planificado | D16: 25 | E16: 10 | F16: 25 | G16: 20
A17: No. | B17: Tema | C17: Subtema
A18: 1 | B18: =IFERROR(__xludf.DUMMYFUNCTION("FILTER('Diseño Curricular'!D:D,'Diseño Curricular'!G:G=$B$3)"),"Introduccion a programacion en Visual Basic App ") -> Introduccion a programacion en Visual Basic App | C18: =IFERROR(__xludf.DUMMYFUNCTION("FILTER('Diseño Curricular'!E:E,'Diseño Curricular'!G:G=$B$3)"),"¿Qué visual basic aplication?") -> ¿Qué visual basic aplication? | D18: 5 | E18: 2 | F18: 4
A19: 2 | B19: =IFERROR(__xludf.DUMMYFUNCTION("""COMPUTED_VALUE"""),"Introduccion a programacion en Visual Basic App ") -> Introduccion a programacion en Visual Basic App | C19: =IFERROR(__xludf.DUMMYFUNCTION("""COMPUTED_VALUE"""),"¿Para qué visual basic aplication?") -> ¿Para qué visual basic aplication? | D19: 5 | E19: 2 | F19: 4
A20: 3 | B20: =IFERROR(__xludf.DUMMYFUNCTION("""COMPUTED_VALUE"""),"Introduccion a programacion en Visual Basic App ") -> Introduccion a programacion en Visual Basic App | C20: =IFERROR(__xludf.DUMMYFUNCTION("""COMPUTED_VALUE"""),"Variables y tipos de variables") -> Variables y tipos de variables | D20: 5 | E20: 2 | F20: 4
A21: 4 | B21: =IFERROR(__xludf.DUMMYFUNCTION("""COMPUTED_VALUE"""),"Introduccion a programacion en Visual Basic App ") -> Introduccion a programacion en Visual Basic App | C21: =IFERROR(__xludf.DUMMYFUNCTION("""COMPUTED_VALUE"""),"Que es la logica booleana") -> Que es la logica booleana | D21: 5 | E21: 2 | F21: 4
A22: 5 | B22: =IFERROR(__xludf.DUMMYFUNCTION("""COMPUTED_VALUE"""),"Introduccion a programacion en Visual Basic App ") -> Introduccion a programacion en Visual Basic App | C22: =IFERROR(__xludf.DUMMYFUNCTION("""COMPUTED_VALUE"""),"Condicionales y estructuras de control") -> Condicionales y estructuras de control | D22: 5 | E22: 2 | F22: 4
A23: 6 | B23: =IFERROR(__xludf.DUMMYFUNCTION("""COMPUTED_VALUE"""),"Introduccion a programacion en Visual Basic App ") -> Introduccion a programacion en Visual Basic App | C23: =IFERROR(__xludf.DUMMYFUNCTION("""COMPUTED_VALUE"""),"Definicion de funciones, metodos y sus ambitos") -> Definicion de funciones, metodos y sus ambitos | F23: 4
A24: 7 | B24: =IFERROR(__xludf.DUMMYFUNCTION("""COMPUTED_VALUE"""),"Introduccion a programacion en Visual Basic App ") -> Introduccion a programacion en Visual Basic App | C24: =IFERROR(__xludf.DUMMYFUNCTION("""COMPUTED_VALUE"""),"Ejemplo práctico") -> Ejemplo práctico | G24: 20
G25: Sub total de tiempo | H25: =SUM(D16:G16) -> 80
A26: Marca con una x en recurso que planificas usar para impartir el conocimiento
A27: Otros : puedes modificarlo e indicar que recurso usarias por ejemplo simuladores
A29: Area de Habilidades
A30: Recordatorio
A31: Dentro de los 100 minutos de clase toma en cuenta incluir un tiempo para formar la habilidad del estudiante. Aprender haciendo.
A33: No. | B33: Tipo | C33: Ejercicio | D33: Practica | E33: Actividad | F33: Otros | G33: Cuestionario
B34: Tiempo Maximo | C34: 25 | D34: 25 | E34: 25 | F34: 25 | G34: 15
B35: Tiempo Planificado | G35: 15
B36: Ponderacion
B37: Competencia
A38: 1 | B38: Crea soluciones digitales utilizando entornos de programación visual y aplicaciones de ofimática con estrategias de automatización básica y diseño de bases de datos para resolver problemas reales de forma efectiva | G38: 5
A39: 2 | B39: Aplica conceptos fundamentales de programación mediante ejercicios prácticos y análisis de código, en entornos virtuales de laboratorio para desarrollar el pensamiento lógico y computacional | G39: 5
A40: 3 | B40: Diseña macros automatizadas en hojas de cálculo utilizando Visual Basic para Aplicaciones (VBA) mediante la implementación de funciones y ciclos condicionales con conexión a bases de datos para optimizar tareas repetitivas | G40: 5
A41: 4
A42: 5
A43: 6
A44: 7
G45: Sub total de tiempo | H45: =SUM(C35:G35) -> 15
A46: Marca con una x en recurso que planificas usar para impartir el conocimiento
A47: Otros : puedes modificarlo e indicar que recurso usarias por ejemplo exposiciones
A48: Cierre
A50: No. | B50: Presentacion de power point/canva/google | F50: Tipo | G50: Dudas
A51: 1 | B51: x | F51: Tiempo Maximo | G51: 10
A52: 2 | F52: Tiempo Planificado | G52: 5
G53: Sub total de tiempo | H53: =G52 -> 5

Sheet S.10
A1: Curso | B1: ='Diseño Curricular'!B1 -> 90 - Programacion de Computadoras 1
A3: Semana | B3: 10
A5: Valores | B5: Responsabilidad: Cumplir con tareas y tiempos establecidos. Honestidad: Realizar trabajos propios sin copiar. Colaboración: Trabajar en equipo y ayudar a otros. Disciplina: Usar correctamente las herramientas tecnológicas. Creatividad: Buscar soluciones originales y prácticas.
A6: * Recuerda que las competencias tambien forman valores identifica el valor o valores que transmitiras esa semana
A8: Cronograma | B8: Para mantener la atención, es recomendable variar la dinámica de la clase cada cierto tiempo, integrando actividades como preguntas, ejercicios prácticos o discusiones en grupo. Esto es clave para la educación por competencias, ya que el aprendizaje debe ser activo y aplicado.
A11: Ponderacion | B11: 5 | F11: Total de tiempo | H11: =H25+H45+H53 -> 100
A13: Area de conocimiento
C14: Tipo de Recurso | D14: Presentacion | E14: Video | F14: Lectura Explicativa | G14: Otros
C15: Tiempo Max | D15: 25 | E15: 10 | F15: 25 | G15: 25
C16: Tiempo Planificado | D16: 25 | E16: 10 | F16: 25 | G16: 25
A17: No. | B17: Tema | C17: Subtema
A18: 1 | B18: =IFERROR(__xludf.DUMMYFUNCTION("FILTER('Diseño Curricular'!D:D,'Diseño Curricular'!G:G=$B$3)"),"Integracion de Acces con Excel por VBA") -> Integracion de Acces con Excel por VBA | C18: =IFERROR(__xludf.DUMMYFUNCTION("FILTER('Diseño Curricular'!E:E,'Diseño Curricular'!G:G=$B$3)"),"Comunicion entre aplicaciones de microsoft") -> Comunicion entre aplicaciones de microsoft | D18: 5 | E18: 2 | F18: 4
A19: 2 | B19: =IFERROR(__xludf.DUMMYFUNCTION("""COMPUTED_VALUE"""),"Integracion de Acces con Excel por VBA") -> Integracion de Acces con Excel por VBA | C19: =IFERROR(__xludf.DUMMYFUNCTION("""COMPUTED_VALUE"""),"Arq. Cliente servidor.") -> Arq. Cliente servidor. | D19: 5 | E19: 2 | F19: 4
A20: 3 | B20: =IFERROR(__xludf.DUMMYFUNCTION("""COMPUTED_VALUE"""),"Integracion de Acces con Excel por VBA") -> Integracion de Acces con Excel por VBA | C20: =IFERROR(__xludf.DUMMYFUNCTION("""COMPUTED_VALUE"""),"Lectura conexion Excel y access") -> Lectura conexion Excel y access | D20: 5 | E20: 2 | F20: 4
A21: 4 | B21: =IFERROR(__xludf.DUMMYFUNCTION("""COMPUTED_VALUE"""),"Integracion de Acces con Excel por VBA") -> Integracion de Acces con Excel por VBA | C21: =IFERROR(__xludf.DUMMYFUNCTION("""COMPUTED_VALUE"""),"Gestion de librerias") -> Gestion de librerias | D21: 5 | E21: 2 | F21: 4
A22: 5 | B22: =IFERROR(__xludf.DUMMYFUNCTION("""COMPUTED_VALUE"""),"Integracion de Acces con Excel por VBA") -> Integracion de Acces con Excel por VBA | C22: =IFERROR(__xludf.DUMMYFUNCTION("""COMPUTED_VALUE"""),"Ejmplo Practico de conexion ") -> Ejmplo Practico de conexion | D22: 5 | E22: 2 | F22: 4
A23: 6 | B23: =IFERROR(__xludf.DUMMYFUNCTION("""COMPUTED_VALUE"""),"Integracion de Acces con Excel por VBA") -> Integracion de Acces con Excel por VBA | C23: =IFERROR(__xludf.DUMMYFUNCTION("""COMPUTED_VALUE"""),"Conferencia del Curso") -> Conferencia del Curso | F23: 4
A24: 7 | B24: =IFERROR(__xludf.DUMMYFUNCTION("""COMPUTED_VALUE"""),"Integracion de Acces con Excel por VBA") -> Integracion de Acces con Excel por VBA | C24: =IFERROR(__xludf.DUMMYFUNCTION("""COMPUTED_VALUE"""),"Cuestionario sobre Conferencia") -> Cuestionario sobre Conferencia | G24: 25
G25: Sub total de tiempo | H25: =SUM(D16:G16) -> 85
A26: Marca con una x en recurso que planificas usar para impartir el conocimiento
A27: Otros : puedes modificarlo e indicar que recurso usarias por ejemplo simuladores
A29: Area de Habilidades
A30: Recordatorio
A31: Dentro de los 100 minutos de clase toma en cuenta incluir un tiempo para formar la habilidad del estudiante. Aprender haciendo.
A33: No. | B33: Tipo | C33: Ejercicio | D33: Practica | E33: Actividad | F33: Otros | G33: Cuestionario
B34: Tiempo Maximo | C34: 25 | D34: 25 | E34: 25 | F34: 25 | G34: 15
B35: Tiempo Planificado | G35: 15
B36: Ponderacion
B37: Competencia
A38: 1 | B38: Aplica conceptos fundamentales de programación mediante ejercicios prácticos y análisis de código, en entornos virtuales de laboratorio para desarrollar el pensamiento lógico y computacional | G38: 10
A39: 2 | B39: Evalúa resultados obtenidos en procesos de programación y ofimática utilizando pruebas de funcionamiento, revisión crítica de errores y optimización de recursos bajo criterios de funcionalidad y eficiencia | G39: 5
A40: 3
A41: 4
A42: 5
A43: 6
A44: 7
G45: Sub total de tiempo | H45: =SUM(C35:G35) -> 15
A46: Marca con una x en recurso que planificas usar para impartir el conocimiento
A47: Otros : puedes modificarlo e indicar que recurso usarias por ejemplo exposiciones
A48: Cierre
A50: No. | B50: Presentacion de power point/canva/google | F50: Tipo | G50: Dudas
A51: 1 | B51: x | F51: Tiempo Maximo | G51: 10
A52: 2 | F52: Tiempo Planificado | G52: 0
G53: Sub total de tiempo | H53: =G52 -> 0

Sheet S.11
A1: Curso | B1: ='Diseño Curricular'!B1 -> 90 - Programacion de Computadoras 1
A3: Semana | B3: 11
A5: Valores | B5: Responsabilidad: Cumplir con tareas y tiempos establecidos. Honestidad: Realizar trabajos propios sin copiar. Colaboración: Trabajar en equipo y ayudar a otros. Disciplina: Usar correctamente las herramientas tecnológicas. Creatividad: Buscar soluciones originales y prácticas.
A6: * Recuerda que las competencias tambien forman valores identifica el valor o valores que transmitiras esa semana
A8: Cronograma | B8: Para mantener la atención, es recomendable variar la dinámica de la clase cada cierto tiempo, integrando actividades como preguntas, ejercicios prácticos o discusiones en grupo. Esto es clave para la educación por competencias, ya que el aprendizaje debe ser activo y aplicado.
A11: Ponderacion | B11: 0 | F11: Total de tiempo | H11: =H25+H45+H53 -> 100
A13: Area de conocimiento
C14: Tipo de Recurso | D14: Presentacion | E14: Video | F14: Lectura Explicativa | G14: Otros
C15: Tiempo Max | D15: 25 | E15: 10 | F15: 25 | G15: 25
C16: Tiempo Planificado | D16: 25 | E16: 10 | F16: 25 | G16: 0
A17: No. | B17: Tema | C17: Subtema
A18: 1 | B18: =IFERROR(__xludf.DUMMYFUNCTION("FILTER('Diseño Curricular'!D:D,'Diseño Curricular'!G:G=$B$3)"),"Herramientas de Power BI") -> Herramientas de Power BI | C18: =IFERROR(__xludf.DUMMYFUNCTION("FILTER('Diseño Curricular'!E:E,'Diseño Curricular'!G:G=$B$3)"),"¿Qué es Power BI?") -> ¿Qué es Power BI? | D18: 5 | E18: 2 | F18: 4
A19: 2 | B19: =IFERROR(__xludf.DUMMYFUNCTION("""COMPUTED_VALUE"""),"Herramientas de Power BI") -> Herramientas de Power BI | C19: =IFERROR(__xludf.DUMMYFUNCTION("""COMPUTED_VALUE"""),"Conexión con orígenes de datos (Excel/Access)") -> Conexión con orígenes de datos (Excel/Access) | D19: 5 | E19: 2 | F19: 4
A20: 3 | B20: =IFERROR(__xludf.DUMMYFUNCTION("""COMPUTED_VALUE"""),"Herramientas de Power BI") -> Herramientas de Power BI | C20: =IFERROR(__xludf.DUMMYFUNCTION("""COMPUTED_VALUE"""),"Visualizaciones básicas") -> Visualizaciones básicas | D20: 5 | E20: 2 | F20: 4
A21: 4 | B21: =IFERROR(__xludf.DUMMYFUNCTION("""COMPUTED_VALUE"""),"Herramientas de Power BI") -> Herramientas de Power BI | C21: =IFERROR(__xludf.DUMMYFUNCTION("""COMPUTED_VALUE"""),"Creación de informes interactivos") -> Creación de informes interactivos | D21: 5 | E21: 2 | F21: 4
A22: 5 | B22: =IFERROR(__xludf.DUMMYFUNCTION("""COMPUTED_VALUE"""),"Herramientas de Power BI") -> Herramientas de Power BI | C22: =IFERROR(__xludf.DUMMYFUNCTION("""COMPUTED_VALUE"""),"Conexiones con access") -> Conexiones con access | D22: 5 | E22: 2 | F22: 4
A23: 6 | B23: =IFERROR(__xludf.DUMMYFUNCTION("""COMPUTED_VALUE"""),"Herramientas de Power BI") -> Herramientas de Power BI | C23: =IFERROR(__xludf.DUMMYFUNCTION("""COMPUTED_VALUE"""),"Creacion de reportes") -> Creacion de reportes | F23: 4
A24: 7 | B24: =IFERROR(__xludf.DUMMYFUNCTION("""COMPUTED_VALUE"""),"Herramientas de Power BI") -> Herramientas de Power BI | C24: =IFERROR(__xludf.DUMMYFUNCTION("""COMPUTED_VALUE"""),"Ejemplo práctico") -> Ejemplo práctico
G25: Sub total de tiempo | H25: =SUM(D16:G16) -> 60
A26: Marca con una x en recurso que planificas usar para impartir el conocimiento
A27: Otros : puedes modificarlo e indicar que recurso usarias por ejemplo simuladores
A29: Area de Habilidades
A30: Recordatorio
A31: Dentro de los 100 minutos de clase toma en cuenta incluir un tiempo para formar la habilidad del estudiante. Aprender haciendo.
A33: No. | B33: Tipo | C33: Ejercicio | D33: Practica | E33: Actividad | F33: Otros | G33: Cuestionario
B34: Tiempo Maximo | C34: 25 | D34: 25 | E34: 25 | F34: 25 | G34: 15
B35: Tiempo Planificado | E35: 15 | G35: 15
B36: Ponderacion
B37: Competencia
A38: 1 | B38: Evalúa resultados obtenidos en procesos de programación y ofimática utilizando pruebas de funcionamiento, revisión crítica de errores y optimización de recursos bajo criterios de funcionalidad y eficiencia | E38: 5 | G38: 10
A39: 2 | B39: Crea soluciones digitales utilizando entornos de programación visual y aplicaciones de ofimática con estrategias de automatización básica y diseño de bases de datos para resolver problemas reales de forma efectiva | E39: 10 | G39: 5
A40: 3
A41: 4
A42: 5
A43: 6
A44: 7
G45: Sub total de tiempo | H45: =SUM(C35:G35) -> 30
A46: Marca con una x en recurso que planificas usar para impartir el conocimiento
A47: Otros : puedes modificarlo e indicar que recurso usarias por ejemplo exposiciones
A48: Cierre
A50: No. | B50: Presentacion de power point/canva/google | F50: Tipo | G50: Dudas
A51: 1 | B51: x | F51: Tiempo Maximo | G51: 10
A52: 2 | F52: Tiempo Planificado | G52: 10
G53: Sub total de tiempo | H53: =G52 -> 10

Sheet Metadata
A1: =IFERROR(__xludf.DUMMYFUNCTION("IMPORTRANGE(""1--DGkU5oDw3gpAa_rQkeu1olWCf2iv8Pm7BNjqiyiuY"", ""Listado Cursos!H:J"")"),"Codigo - Nombre") -> Codigo - Nombre | B1: =IFERROR(__xludf.DUMMYFUNCTION("""COMPUTED_VALUE"""),"Diseño Curricular") -> Diseño Curricular | C1: =IFERROR(__xludf.DUMMYFUNCTION("""COMPUTED_VALUE"""),"Analisis de contexto") -> Analisis de contexto | D1: =IFERROR(__xludf.DUMMYFUNCTION("IMPORTRANGE(VLOOKUP('Diseño Curricular'!B1,A:C,3,FALSE), ""Competencias!B21:J35"")"),"No") -> No | E1: =IFERROR(__xludf.DUMMYFUNCTION("""COMPUTED_VALUE"""),"Tipo") -> Tipo | F1: =IFERROR(__xludf.DUMMYFUNCTION("""COMPUTED_VALUE"""),"Verbo en Presente") -> Verbo en Presente | G1: =IFERROR(__xludf.DUMMYFUNCTION("""COMPUTED_VALUE"""),"Objeto de la acción") -> Objeto de la acción | I1: =IFERROR(__xludf.DUMMYFUNCTION("""COMPUTED_VALUE"""),"[Palabras conectoreas] Herramientas o metodología") -> [Palabras conectoreas] Herramientas o metodología | J1: =IFERROR(__xludf.DUMMYFUNCTION("""COMPUTED_VALUE"""),"[Palabras conectoreas] Condiciones específicas") -> [Palabras conectoreas] Condiciones específicas | L1: =IFERROR(__xludf.DUMMYFUNCTION("""COMPUTED_VALUE"""),"Nivel") -> Nivel
A2: =IFERROR(__xludf.DUMMYFUNCTION("""COMPUTED_VALUE"""),"17 - Área Social Humanística 1") -> 17 - Área Social Humanística 1 | D2: =IFERROR(__xludf.DUMMYFUNCTION("""COMPUTED_VALUE"""),1.0) -> 1 | E2: =IFERROR(__xludf.DUMMYFUNCTION("""COMPUTED_VALUE"""),"Especifica") -> Especifica | F2: =IFERROR(__xludf.DUMMYFUNCTION("""COMPUTED_VALUE"""),"Aplica") -> Aplica | G2: =IFERROR(__xludf.DUMMYFUNCTION("""COMPUTED_VALUE"""),"conceptos fundamentales de programación") -> conceptos fundamentales de programación | I2: =IFERROR(__xludf.DUMMYFUNCTION("""COMPUTED_VALUE"""),"mediante ejercicios prácticos y análisis de código, en entornos virtuales de laboratorio") -> mediante ejercicios prácticos y análisis de código, en entornos virtuales de laboratorio | J2: =IFERROR(__xludf.DUMMYFUNCTION("""COMPUTED_VALUE"""),"para desarrollar el pensamiento lógico y computacional") -> para desarrollar el pensamiento lógico y computacional | L2: =IFERROR(__xludf.DUMMYFUNCTION("""COMPUTED_VALUE"""),"Aplicar") -> Aplicar
A3: =IFERROR(__xludf.DUMMYFUNCTION("""COMPUTED_VALUE"""),"101 - Área Matemática Básica 1") -> 101 - Área Matemática Básica 1 | E3: =IFERROR(__xludf.DUMMYFUNCTION("""COMPUTED_VALUE"""),"Aplica conceptos fundamentales de programación mediante ejercicios prácticos y análisis de código, en entornos virtuales de laboratorio para desarrollar el pensamiento lógico y computacional ") -> Aplica conceptos fundamentales de programación mediante ejercicios prácticos y análisis de código, en entornos virtuales de laboratorio para desarrollar el pensamiento lógico y computacional
A4: =IFERROR(__xludf.DUMMYFUNCTION("""COMPUTED_VALUE"""),"5 - Técnicas de Estudio e Investigación") -> 5 - Técnicas de Estudio e Investigación | D4: =IFERROR(__xludf.DUMMYFUNCTION("""COMPUTED_VALUE"""),2.0) -> 2 | E4: =IFERROR(__xludf.DUMMYFUNCTION("""COMPUTED_VALUE"""),"General") -> General | F4: =IFERROR(__xludf.DUMMYFUNCTION("""COMPUTED_VALUE"""),"Integra ") -> Integra | G4: =IFERROR(__xludf.DUMMYFUNCTION("""COMPUTED_VALUE"""),"herramientas de ofimática ") -> herramientas de ofimática | I4: =IFERROR(__xludf.DUMMYFUNCTION("""COMPUTED_VALUE"""),"como Word, Excel, PowerPoint y Access") -> como Word, Excel, PowerPoint y Access | J4: =IFERROR(__xludf.DUMMYFUNCTION("""COMPUTED_VALUE"""),"en la resolución de tareas y proyectos con base en situaciones académicas y laborales comunes") -> en la resolución de tareas y proyectos con base en situaciones académicas y laborales comunes | L4: =IFERROR(__xludf.DUMMYFUNCTION("""COMPUTED_VALUE"""),"Analizar") -> Analizar
A5: =IFERROR(__xludf.DUMMYFUNCTION("""COMPUTED_VALUE"""),"39 - Deportes 1") -> 39 - Deportes 1 | E5: =IFERROR(__xludf.DUMMYFUNCTION("""COMPUTED_VALUE"""),"Integra herramientas de ofimática como Word, Excel, PowerPoint y Access en la resolución de tareas y proyectos con base en situaciones académicas y laborales comunes ") -> Integra herramientas de ofimática como Word, Excel, PowerPoint y Access en la resolución de tareas y proyectos con base en situaciones académicas y laborales comunes
A6: =IFERROR(__xludf.DUMMYFUNCTION("""COMPUTED_VALUE"""),"6 - Idioma Tecnico 1") -> 6 - Idioma Tecnico 1 | D6: =IFERROR(__xludf.DUMMYFUNCTION("""COMPUTED_VALUE"""),3.0) -> 3 | E6: =IFERROR(__xludf.DUMMYFUNCTION("""COMPUTED_VALUE"""),"General") -> General | F6: =IFERROR(__xludf.DUMMYFUNCTION("""COMPUTED_VALUE"""),"Evalúa") -> Evalúa | G6: =IFERROR(__xludf.DUMMYFUNCTION("""COMPUTED_VALUE"""),"resultados obtenidos en procesos de programación y ofimática") -> resultados obtenidos en procesos de programación y ofimática | I6: =IFERROR(__xludf.DUMMYFUNCTION("""COMPUTED_VALUE"""),"utilizando pruebas de funcionamiento, revisión crítica de errores y optimización de recursos") -> utilizando pruebas de funcionamiento, revisión crítica de errores y optimización de recursos | J6: =IFERROR(__xludf.DUMMYFUNCTION("""COMPUTED_VALUE"""),"bajo criterios de funcionalidad y eficiencia") -> bajo criterios de funcionalidad y eficiencia | L6: =IFERROR(__xludf.DUMMYFUNCTION("""COMPUTED_VALUE"""),"Evaluar") -> Evaluar
A7: =IFERROR(__xludf.DUMMYFUNCTION("""COMPUTED_VALUE"""),"19 - Área Social Humanística 2") -> 19 - Área Social Humanística 2 | E7: =IFERROR(__xludf.DUMMYFUNCTION("""COMPUTED_VALUE"""),"Evalúa resultados obtenidos en procesos de programación y ofimática utilizando pruebas de funcionamiento, revisión crítica de errores y optimización de recursos bajo criterios de funcionalidad y eficiencia ") -> Evalúa resultados obtenidos en procesos de programación y ofimática utilizando pruebas de funcionamiento, revisión crítica de errores y optimización de recursos bajo criterios de funcionalidad y eficiencia
A8: =IFERROR(__xludf.DUMMYFUNCTION("""COMPUTED_VALUE"""),"103 - Área Matemática Básica 2") -> 103 - Área Matemática Básica 2 | D8: =IFERROR(__xludf.DUMMYFUNCTION("""COMPUTED_VALUE"""),4.0) -> 4 | E8: =IFERROR(__xludf.DUMMYFUNCTION("""COMPUTED_VALUE"""),"General") -> General | F8: =IFERROR(__xludf.DUMMYFUNCTION("""COMPUTED_VALUE"""),"Crea") -> Crea | G8: =IFERROR(__xludf.DUMMYFUNCTION("""COMPUTED_VALUE"""),"soluciones digitales") -> soluciones digitales | I8: =IFERROR(__xludf.DUMMYFUNCTION("""COMPUTED_VALUE"""),"utilizando entornos de programación visual y aplicaciones de ofimática") -> utilizando entornos de programación visual y aplicaciones de ofimática | J8: =IFERROR(__xludf.DUMMYFUNCTION("""COMPUTED_VALUE"""),"con estrategias de automatización básica y diseño de bases de datos para resolver problemas reales de forma efectiva") -> con estrategias de automatización básica y diseño de bases de datos para resolver problemas reales de forma efectiva | L8: =IFERROR(__xludf.DUMMYFUNCTION("""COMPUTED_VALUE"""),"Crear") -> Crear
A9: =IFERROR(__xludf.DUMMYFUNCTION("""COMPUTED_VALUE"""),"960 - Matemática Para Computación 1") -> 960 - Matemática Para Computación 1 | E9: =IFERROR(__xludf.DUMMYFUNCTION("""COMPUTED_VALUE"""),"Crea soluciones digitales utilizando entornos de programación visual y aplicaciones de ofimática con estrategias de automatización básica y diseño de bases de datos para resolver problemas reales de forma efectiva ") -> Crea soluciones digitales utilizando entornos de programación visual y aplicaciones de ofimática con estrategias de automatización básica y diseño de bases de datos para resolver problemas reales de forma efectiva
A10: =IFERROR(__xludf.DUMMYFUNCTION("""COMPUTED_VALUE"""),"147 - Física Básica") -> 147 - Física Básica | D10: =IFERROR(__xludf.DUMMYFUNCTION("""COMPUTED_VALUE"""),5.0) -> 5 | E10: =IFERROR(__xludf.DUMMYFUNCTION("""COMPUTED_VALUE"""),"Especifica") -> Especifica | F10: =IFERROR(__xludf.DUMMYFUNCTION("""COMPUTED_VALUE"""),"Diseña") -> Diseña | G10: =IFERROR(__xludf.DUMMYFUNCTION("""COMPUTED_VALUE"""),"macros automatizadas en hojas de cálculo") -> macros automatizadas en hojas de cálculo | I10: =IFERROR(__xludf.DUMMYFUNCTION("""COMPUTED_VALUE"""),"utilizando Visual Basic para Aplicaciones (VBA)") -> utilizando Visual Basic para Aplicaciones (VBA) | J10: =IFERROR(__xludf.DUMMYFUNCTION("""COMPUTED_VALUE"""),"mediante la implementación de funciones y ciclos condicionales con conexión a bases de datos para optimizar tareas repetitivas") -> mediante la implementación de funciones y ciclos condicionales con conexión a bases de datos para optimizar tareas repetitivas | L10: =IFERROR(__xludf.DUMMYFUNCTION("""COMPUTED_VALUE"""),"Crear") -> Crear
A11: =IFERROR(__xludf.DUMMYFUNCTION("""COMPUTED_VALUE"""),"40 - Deportes 2") -> 40 - Deportes 2 | E11: =IFERROR(__xludf.DUMMYFUNCTION("""COMPUTED_VALUE"""),"Diseña macros automatizadas en hojas de cálculo utilizando Visual Basic para Aplicaciones (VBA) mediante la implementación de funciones y ciclos condicionales con conexión a bases de datos para optimizar tareas repetitivas ") -> Diseña macros automatizadas en hojas de cálculo utilizando Visual Basic para Aplicaciones (VBA) mediante la implementación de funciones y ciclos condicionales con conexión a bases de datos para optimizar tareas repetitivas
A12: =IFERROR(__xludf.DUMMYFUNCTION("""COMPUTED_VALUE"""),"8 - Idioma Técnico 2") -> 8 - Idioma Técnico 2 | D12: =IFERROR(__xludf.DUMMYFUNCTION("""COMPUTED_VALUE"""),6.0) -> 6 | E12: =IFERROR(__xludf.DUMMYFUNCTION("""COMPUTED_VALUE"""),"Especifica") -> Especifica | F12: =IFERROR(__xludf.DUMMYFUNCTION("""COMPUTED_VALUE"""),"Formula") -> Formula | G12: =IFERROR(__xludf.DUMMYFUNCTION("""COMPUTED_VALUE"""),"consultas en bases de datos relacionales") -> consultas en bases de datos relacionales | I12: =IFERROR(__xludf.DUMMYFUNCTION("""COMPUTED_VALUE"""),"empleando herramientas de Access y modelos entidad-relación") -> empleando herramientas de Access y modelos entidad-relación | J12: =IFERROR(__xludf.DUMMYFUNCTION("""COMPUTED_VALUE"""),"bajo criterios de integridad y relaciones correctas para organizar y extraer información relevante") -> bajo criterios de integridad y relaciones correctas para organizar y extraer información relevante | L12: =IFERROR(__xludf.DUMMYFUNCTION("""COMPUTED_VALUE"""),"Aplicar") -> Aplicar
A13: =IFERROR(__xludf.DUMMYFUNCTION("""COMPUTED_VALUE"""),"795 - Logica de Sitemas") -> 795 - Logica de Sitemas | B13: =IFERROR(__xludf.DUMMYFUNCTION("""COMPUTED_VALUE"""),"1tGblVNcAY7QU_u00ZUgf5GJjDZOK39vXt9FvZeMfPKg") -> 1tGblVNcAY7QU_u00ZUgf5GJjDZOK39vXt9FvZeMfPKg | C13: =IFERROR(__xludf.DUMMYFUNCTION("""COMPUTED_VALUE"""),"1olpUmnSmvTLYIIWFmjmPX_CYPTPOprpPEwh7xMvm2WM") -> 1olpUmnSmvTLYIIWFmjmPX_CYPTPOprpPEwh7xMvm2WM | E13: =IFERROR(__xludf.DUMMYFUNCTION("""COMPUTED_VALUE"""),"Formula consultas en bases de datos relacionales empleando herramientas de Access y modelos entidad-relación bajo criterios de integridad y relaciones correctas para organizar y extraer información relevante ") -> Formula consultas en bases de datos relacionales empleando herramientas de Access y modelos entidad-relación bajo criterios de integridad y relaciones correctas para organizar y extraer información relevante
A14: =IFERROR(__xludf.DUMMYFUNCTION("""COMPUTED_VALUE"""),"962 - Matemática Para Computación 2") -> 962 - Matemática Para Computación 2 | D14: =IFERROR(__xludf.DUMMYFUNCTION("""COMPUTED_VALUE"""),7.0) -> 7 | E14: =IFERROR(__xludf.DUMMYFUNCTION("""COMPUTED_VALUE"""),"Tipo") -> Tipo
A15: =IFERROR(__xludf.DUMMYFUNCTION("""COMPUTED_VALUE"""),"770 - Introducción a ala programación y computación 1") -> 770 - Introducción a ala programación y computación 1 | B15: =IFERROR(__xludf.DUMMYFUNCTION("""COMPUTED_VALUE"""),"1hnCz3e7R539DMJA_6KBromYXyQWjR5cbX4eUFYyZB78") -> 1hnCz3e7R539DMJA_6KBromYXyQWjR5cbX4eUFYyZB78 | C15: =IFERROR(__xludf.DUMMYFUNCTION("""COMPUTED_VALUE"""),"13K0AQ2QyRJmkDL_B9YKTYVy3OKQyLCIBTe0sAqstrFI") -> 13K0AQ2QyRJmkDL_B9YKTYVy3OKQyLCIBTe0sAqstrFI | E15: =IFERROR(__xludf.DUMMYFUNCTION("""COMPUTED_VALUE""")," ")
A16: =IFERROR(__xludf.DUMMYFUNCTION("""COMPUTED_VALUE"""),"107 - Área Matemática Intermedia 1") -> 107 - Área Matemática Intermedia 1
A17: =IFERROR(__xludf.DUMMYFUNCTION("""COMPUTED_VALUE"""),"150 - Fisica 1") -> 150 - Fisica 1
A18: =IFERROR(__xludf.DUMMYFUNCTION("""COMPUTED_VALUE"""),"1 - Ética Profesional") -> 1 - Ética Profesional
A19: =IFERROR(__xludf.DUMMYFUNCTION("""COMPUTED_VALUE"""),"9 - Idioma Técnico 3") -> 9 - Idioma Técnico 3
A20: =IFERROR(__xludf.DUMMYFUNCTION("""COMPUTED_VALUE"""),"796 - Lenguajes Formales y de Programación") -> 796 - Lenguajes Formales y de Programación | B20: =IFERROR(__xludf.DUMMYFUNCTION("""COMPUTED_VALUE"""),"1-dPQ2ZCWWgBi4gyaV8KmnDWxF063I-zfJutKPMwJjrw") -> 1-dPQ2ZCWWgBi4gyaV8KmnDWxF063I-zfJutKPMwJjrw | C20: =IFERROR(__xludf.DUMMYFUNCTION("""COMPUTED_VALUE"""),"14p5IrzE6q20i9mtWRrbgJgIQTyfVIS4RiO1JbrFY3Ng") -> 14p5IrzE6q20i9mtWRrbgJgIQTyfVIS4RiO1JbrFY3Ng | E20: =E3 -> Aplica conceptos fundamentales de programación mediante ejercicios prácticos y análisis de código, en entornos virtuales de laboratorio para desarrollar el pensamiento lógico y computacional
A21: =IFERROR(__xludf.DUMMYFUNCTION("""COMPUTED_VALUE"""),"771 - Introducción a la Programación y Computación 2") -> 771 - Introducción a la Programación y Computación 2 | B21: =IFERROR(__xludf.DUMMYFUNCTION("""COMPUTED_VALUE"""),"1__RmanO4MiKBpppCFzGzdDC2fWb5cD2m02xjOur_6nk") -> 1__RmanO4MiKBpppCFzGzdDC2fWb5cD2m02xjOur_6nk | C21: =IFERROR(__xludf.DUMMYFUNCTION("""COMPUTED_VALUE"""),"1hwyEeHtTnYmAXwVixwCmwcQ_1S6x1ID8qghxNj_2les") -> 1hwyEeHtTnYmAXwVixwCmwcQ_1S6x1ID8qghxNj_2les | E21: =E5 -> Integra herramientas de ofimática como Word, Excel, PowerPoint y Access en la resolución de tareas y proyectos con base en situaciones académicas y laborales comunes
A22: =IFERROR(__xludf.DUMMYFUNCTION("""COMPUTED_VALUE"""),"112 - Área Matemática Intermedia 2") -> 112 - Área Matemática Intermedia 2 | E22: =E7 -> Evalúa resultados obtenidos en procesos de programación y ofimática utilizando pruebas de funcionamiento, revisión crítica de errores y optimización de recursos bajo criterios de funcionalidad y eficiencia
A23: =IFERROR(__xludf.DUMMYFUNCTION("""COMPUTED_VALUE"""),"114 - Área Matemática Intermedia 3") -> 114 - Área Matemática Intermedia 3 | E23: =E9 -> Crea soluciones digitales utilizando entornos de programación visual y aplicaciones de ofimática con estrategias de automatización básica y diseño de bases de datos para resolver problemas reales de forma efectiva
A24: =IFERROR(__xludf.DUMMYFUNCTION("""COMPUTED_VALUE"""),"152 - Física 2") -> 152 - Física 2 | E24: =E11 -> Diseña macros automatizadas en hojas de cálculo utilizando Visual Basic para Aplicaciones (VBA) mediante la implementación de funciones y ciclos condicionales con conexión a bases de datos para optimizar tareas repetitivas
A25: =IFERROR(__xludf.DUMMYFUNCTION("""COMPUTED_VALUE"""),"10 - Lógica") -> 10 - Lógica | E25: =E13 -> Formula consultas en bases de datos relacionales empleando herramientas de Access y modelos entidad-relación bajo criterios de integridad y relaciones correctas para organizar y extraer información relevante
A26: =IFERROR(__xludf.DUMMYFUNCTION("""COMPUTED_VALUE"""),"11 - Idioma Técnico 4") -> 11 - Idioma Técnico 4 | E26: =E15
A27: =IFERROR(__xludf.DUMMYFUNCTION("""COMPUTED_VALUE"""),"2025 - Prácticas Iniciales") -> 2025 - Prácticas Iniciales
A28: =IFERROR(__xludf.DUMMYFUNCTION("""COMPUTED_VALUE"""),"732 - Estadística 1") -> 732 - Estadística 1
A29: =IFERROR(__xludf.DUMMYFUNCTION("""COMPUTED_VALUE"""),"777 - Organización de Lenguajes y Compiladores 1") -> 777 - Organización de Lenguajes y Compiladores 1 | B29: =IFERROR(__xludf.DUMMYFUNCTION("""COMPUTED_VALUE"""),"1sMJr8kYIDF7fR6Jn6GMDZp8CdJCeGqxbVA5UTdBCrkM") -> 1sMJr8kYIDF7fR6Jn6GMDZp8CdJCeGqxbVA5UTdBCrkM | C29: =IFERROR(__xludf.DUMMYFUNCTION("""COMPUTED_VALUE"""),"1sznB5glJmAKD25Jh38PR_uvVmYLeupPdQfr5Z_cGdy0") -> 1sznB5glJmAKD25Jh38PR_uvVmYLeupPdQfr5Z_cGdy0
A30: =IFERROR(__xludf.DUMMYFUNCTION("""COMPUTED_VALUE"""),"964 - Organización Computacional") -> 964 - Organización Computacional | B30: =IFERROR(__xludf.DUMMYFUNCTION("""COMPUTED_VALUE"""),"1daYmFoqU1khKZXb4p_ygv5jH4tkv8-tTjdTDSUh72F0") -> 1daYmFoqU1khKZXb4p_ygv5jH4tkv8-tTjdTDSUh72F0 | C30: =IFERROR(__xludf.DUMMYFUNCTION("""COMPUTED_VALUE"""),"1Iu2w--EUMRmqIHGvbgJsupMFeebEMTKXZFzhrwGZtOs") -> 1Iu2w--EUMRmqIHGvbgJsupMFeebEMTKXZFzhrwGZtOs
A31: =IFERROR(__xludf.DUMMYFUNCTION("""COMPUTED_VALUE"""),"772 - Estructuras de Datos") -> 772 - Estructuras de Datos | B31: =IFERROR(__xludf.DUMMYFUNCTION("""COMPUTED_VALUE"""),"1rTNY7hLmB5N26Z2z6EtF0axcaKKizdu0eLKqLiwUhto") -> 1rTNY7hLmB5N26Z2z6EtF0axcaKKizdu0eLKqLiwUhto | C31: =IFERROR(__xludf.DUMMYFUNCTION("""COMPUTED_VALUE"""),"1e8AAZ395NIODTRjmbwP3Bvdb1OJlsJawLywq7NixwcM") -> 1e8AAZ395NIODTRjmbwP3Bvdb1OJlsJawLywq7NixwcM
A32: =IFERROR(__xludf.DUMMYFUNCTION("""COMPUTED_VALUE"""),"116 - Matemática Aplicada 3") -> 116 - Matemática Aplicada 3
A33: =IFERROR(__xludf.DUMMYFUNCTION("""COMPUTED_VALUE"""),"118 - Matemática Aplicada 1") -> 118 - Matemática Aplicada 1
A34: =IFERROR(__xludf.DUMMYFUNCTION("""COMPUTED_VALUE"""),"18 - Filosofía de la Ciencia") -> 18 - Filosofía de la Ciencia
A35: =IFERROR(__xludf.DUMMYFUNCTION("""COMPUTED_VALUE"""),"722 - Teoría de Sistemas 1") -> 722 - Teoría de Sistemas 1 | B35: =IFERROR(__xludf.DUMMYFUNCTION("""COMPUTED_VALUE"""),"1npGvBttUX2JHkjnmDRQmNhZacltUudlNKCQsLV09BaU") -> 1npGvBttUX2JHkjnmDRQmNhZacltUudlNKCQsLV09BaU | C35: =IFERROR(__xludf.DUMMYFUNCTION("""COMPUTED_VALUE"""),"1hMUPf0qs2ca-iLxfgxe8cYMynK4MJCa34p7GqRHJXbE") -> 1hMUPf0qs2ca-iLxfgxe8cYMynK4MJCa34p7GqRHJXbE
A36: =IFERROR(__xludf.DUMMYFUNCTION("""COMPUTED_VALUE"""),"601 - Investigación de Operaciones 1") -> 601 - Investigación de Operaciones 1
A37: =IFERROR(__xludf.DUMMYFUNCTION("""COMPUTED_VALUE"""),"14 - Economía") -> 14 - Economía | B37: =IFERROR(__xludf.DUMMYFUNCTION("""COMPUTED_VALUE"""),"169ieOogZaXHMs_PddYQfqqWTOgqfbgT1NUf8dchmb4U") -> 169ieOogZaXHMs_PddYQfqqWTOgqfbgT1NUf8dchmb4U | C37: =IFERROR(__xludf.DUMMYFUNCTION("""COMPUTED_VALUE"""),"1aRV1pjb7CPc1NcugRe2l92I-OqNZYb_4YmhuHZtvXzs") -> 1aRV1pjb7CPc1NcugRe2l92I-OqNZYb_4YmhuHZtvXzs
A38: =IFERROR(__xludf.DUMMYFUNCTION("""COMPUTED_VALUE"""),"781 - Organización de Lenguajes y Compiladores 2") -> 781 - Organización de Lenguajes y Compiladores 2 | B38: =IFERROR(__xludf.DUMMYFUNCTION("""COMPUTED_VALUE"""),"18dQYgiKWkpI2wogupgHf8u3PbCa0cKqMH6-ZsAIhLPw") -> 18dQYgiKWkpI2wogupgHf8u3PbCa0cKqMH6-ZsAIhLPw | C38: =IFERROR(__xludf.DUMMYFUNCTION("""COMPUTED_VALUE"""),"1FvDr2nu5sW0gxDkpPanB4sWbi78KZCAhc6wrywlrvlE") -> 1FvDr2nu5sW0gxDkpPanB4sWbi78KZCAhc6wrywlrvlE
A39: =IFERROR(__xludf.DUMMYFUNCTION("""COMPUTED_VALUE"""),"778 - Arquitectura de Computadoras y Ensambladores 1") -> 778 - Arquitectura de Computadoras y Ensambladores 1 | B39: =IFERROR(__xludf.DUMMYFUNCTION("""COMPUTED_VALUE"""),"13gNb-7XS_aMptaL1TLnLB5k06Y_okRzOgjzOxLHNuiI") -> 13gNb-7XS_aMptaL1TLnLB5k06Y_okRzOgjzOxLHNuiI | C39: =IFERROR(__xludf.DUMMYFUNCTION("""COMPUTED_VALUE"""),"1dlO25kugHQowRwF3LcOkrFuLGg-hP9mn9OW7x7GssMc") -> 1dlO25kugHQowRwF3LcOkrFuLGg-hP9mn9OW7x7GssMc
A40: =IFERROR(__xludf.DUMMYFUNCTION("""COMPUTED_VALUE"""),"773 - Manejo e Implementación de Archivos") -> 773 - Manejo e Implementación de Archivos | B40: =IFERROR(__xludf.DUMMYFUNCTION("""COMPUTED_VALUE"""),"1VDaIod2C3XfezxQfz50xvWZ9yVVdVvNIqd-1xbJmaD8") -> 1VDaIod2C3XfezxQfz50xvWZ9yVVdVvNIqd-1xbJmaD8 | C40: =IFERROR(__xludf.DUMMYFUNCTION("""COMPUTED_VALUE"""),"1MkqyTtzzzyQyC--twNt__AoC_Sd0UBC67j0f9nktivE") -> 1MkqyTtzzzyQyC--twNt__AoC_Sd0UBC67j0f9nktivE
A41: =IFERROR(__xludf.DUMMYFUNCTION("""COMPUTED_VALUE"""),"122 - Matemática Aplicada 4") -> 122 - Matemática Aplicada 4
A42: =IFERROR(__xludf.DUMMYFUNCTION("""COMPUTED_VALUE"""),"120 - Matemática Aplicada 2") -> 120 - Matemática Aplicada 2
A43: =IFERROR(__xludf.DUMMYFUNCTION("""COMPUTED_VALUE"""),"200 - Ingeniería Eléctrica 1") -> 200 - Ingeniería Eléctrica 1
A44: =IFERROR(__xludf.DUMMYFUNCTION("""COMPUTED_VALUE"""),"724 - Teoría de Sistemas 2") -> 724 - Teoría de Sistemas 2 | B44: =IFERROR(__xludf.DUMMYFUNCTION("""COMPUTED_VALUE"""),"1Oh-yJJ9oc8SdDPJao-u31YXfwOPrsifu2o1a7Sf2-9k") -> 1Oh-yJJ9oc8SdDPJao-u31YXfwOPrsifu2o1a7Sf2-9k | C44: =IFERROR(__xludf.DUMMYFUNCTION("""COMPUTED_VALUE"""),"1O2rxycdV4XrytI_g4llqenReY8-rYp3frKI7rd6fNMI") -> 1O2rxycdV4XrytI_g4llqenReY8-rYp3frKI7rd6fNMI
A45: =IFERROR(__xludf.DUMMYFUNCTION("""COMPUTED_VALUE"""),"603 - Investigación de Operaciones 2") -> 603 - Investigación de Operaciones 2
A46: =IFERROR(__xludf.DUMMYFUNCTION("""COMPUTED_VALUE"""),"734 - Estadística 2") -> 734 - Estadística 2
A47: =IFERROR(__xludf.DUMMYFUNCTION("""COMPUTED_VALUE"""),"281 - Sistemas Operativos 1") -> 281 - Sistemas Operativos 1 | B47: =IFERROR(__xludf.DUMMYFUNCTION("""COMPUTED_VALUE"""),"1RAzDRLQZEv8Ck7PxnFQbrklrekiw5bDJFX0wgP7vFSQ") -> 1RAzDRLQZEv8Ck7PxnFQbrklrekiw5bDJFX0wgP7vFSQ | C47: =IFERROR(__xludf.DUMMYFUNCTION("""COMPUTED_VALUE"""),"145JPmfq4pDEEE_ipNtWzYQNDVrAg9WOQ9ocmZu_NegE") -> 145JPmfq4pDEEE_ipNtWzYQNDVrAg9WOQ9ocmZu_NegE
A48: =IFERROR(__xludf.DUMMYFUNCTION("""COMPUTED_VALUE"""),"779 - Arquitectura de Computadoras y Ensambladores 2") -> 779 - Arquitectura de Computadoras y Ensambladores 2 | B48: =IFERROR(__xludf.DUMMYFUNCTION("""COMPUTED_VALUE"""),"1_uxBhWcRvgBlCjf2s6O-Hvly7rBvJyZdswUKwm6KP5Y") -> 1_uxBhWcRvgBlCjf2s6O-Hvly7rBvJyZdswUKwm6KP5Y | C48: =IFERROR(__xludf.DUMMYFUNCTION("""COMPUTED_VALUE"""),"1dqk67SNWBGb15fqe17ZBfmxUg9pla5H7nqVOrGHYEJ4") -> 1dqk67SNWBGb15fqe17ZBfmxUg9pla5H7nqVOrGHYEJ4
A49: =IFERROR(__xludf.DUMMYFUNCTION("""COMPUTED_VALUE"""),"970 - Redes de Computadoras 1") -> 970 - Redes de Computadoras 1 | B49: =IFERROR(__xludf.DUMMYFUNCTION("""COMPUTED_VALUE"""),"1z_6lSkIcVZpEVQ4tR8c-eSvVvTxWsXwhmFojsLWeBGc") -> 1z_6lSkIcVZpEVQ4tR8c-eSvVvTxWsXwhmFojsLWeBGc | C49: =IFERROR(__xludf.DUMMYFUNCTION("""COMPUTED_VALUE"""),"18wRQLI8Pz51ZFEFWKE1SD6XVhlxOdJa1PpxDFo2dRT4") -> 18wRQLI8Pz51ZFEFWKE1SD6XVhlxOdJa1PpxDFo2dRT4
A50: =IFERROR(__xludf.DUMMYFUNCTION("""COMPUTED_VALUE"""),"774 - Sistemas de Bases de Datos 1") -> 774 - Sistemas de Bases de Datos 1 | B50: =IFERROR(__xludf.DUMMYFUNCTION("""COMPUTED_VALUE"""),"1h1zzA1-Xq9ihet57bP4f0PLQnKeojJUanhgpuP67hKs") -> 1h1zzA1-Xq9ihet57bP4f0PLQnKeojJUanhgpuP67hKs | C50: =IFERROR(__xludf.DUMMYFUNCTION("""COMPUTED_VALUE"""),"1xYInTWRmhz45q5vjazDVsb1EGOCbYqibWRBgZMK1g2I") -> 1xYInTWRmhz45q5vjazDVsb1EGOCbYqibWRBgZMK1g2I
A51: =IFERROR(__xludf.DUMMYFUNCTION("""COMPUTED_VALUE"""),"2036 - Prácticas Intermedias") -> 2036 - Prácticas Intermedias
A52: =IFERROR(__xludf.DUMMYFUNCTION("""COMPUTED_VALUE"""),"285 - Sistemas Operativos 2") -> 285 - Sistemas Operativos 2 | B52: =IFERROR(__xludf.DUMMYFUNCTION("""COMPUTED_VALUE"""),"1VCx3jdfVNJvtMfY5j_W624CAT1QxC-9qVw_ts_erFM8") -> 1VCx3jdfVNJvtMfY5j_W624CAT1QxC-9qVw_ts_erFM8 | C52: =IFERROR(__xludf.DUMMYFUNCTION("""COMPUTED_VALUE"""),"1ssmi68Gibgtkl07Zn0H_wQWjqhj_SfcpUhCdmyvVjb4") -> 1ssmi68Gibgtkl07Zn0H_wQWjqhj_SfcpUhCdmyvVjb4
A53: =IFERROR(__xludf.DUMMYFUNCTION("""COMPUTED_VALUE"""),"975 - Redes de Computadoras 2") -> 975 - Redes de Computadoras 2 | B53: =IFERROR(__xludf.DUMMYFUNCTION("""COMPUTED_VALUE"""),"1JcTacSIMIoXQmOixc1cssvrK_MVzZYH-Yo4FFSny6Nk") -> 1JcTacSIMIoXQmOixc1cssvrK_MVzZYH-Yo4FFSny6Nk | C53: =IFERROR(__xludf.DUMMYFUNCTION("""COMPUTED_VALUE"""),"1JLgRGqqoVVNY2eFrI2m3ylhPGOUPiyZN7_tK8VnOywQ") -> 1JLgRGqqoVVNY2eFrI2m3ylhPGOUPiyZN7_tK8VnOywQ
A54: =IFERROR(__xludf.DUMMYFUNCTION("""COMPUTED_VALUE"""),"775 - Sistemas de Bases de Datos 2") -> 775 - Sistemas de Bases de Datos 2 | B54: =IFERROR(__xludf.DUMMYFUNCTION("""COMPUTED_VALUE"""),"1TCVGX95CGGMGYvyB2K8cDve9RSMthqD6Tc1-CrmctiM") -> 1TCVGX95CGGMGYvyB2K8cDve9RSMthqD6Tc1-CrmctiM | C54: =IFERROR(__xludf.DUMMYFUNCTION("""COMPUTED_VALUE"""),"1c8vA2_5i-ARXIPU3ZxB3bwcKRbWh46erGG5KH3wrJyU") -> 1c8vA2_5i-ARXIPU3ZxB3bwcKRbWh46erGG5KH3wrJyU
A55: =IFERROR(__xludf.DUMMYFUNCTION("""COMPUTED_VALUE"""),"283 - Análisis y Diseño de Sistemas 1") -> 283 - Análisis y Diseño de Sistemas 1 | B55: =IFERROR(__xludf.DUMMYFUNCTION("""COMPUTED_VALUE"""),"1Y3HF-OxPbgEhNi6pNhbpImrQsH3btlYO6xtsnryrunY") -> 1Y3HF-OxPbgEhNi6pNhbpImrQsH3btlYO6xtsnryrunY | C55: =IFERROR(__xludf.DUMMYFUNCTION("""COMPUTED_VALUE"""),"12umvxFMZmSLGZenSQOXCnUePgu7-gug8FmFRz5MKlkE") -> 12umvxFMZmSLGZenSQOXCnUePgu7-gug8FmFRz5MKlkE
A56: =IFERROR(__xludf.DUMMYFUNCTION("""COMPUTED_VALUE"""),"797 - Seminario de Sistemas 1") -> 797 - Seminario de Sistemas 1 | B56: =IFERROR(__xludf.DUMMYFUNCTION("""COMPUTED_VALUE"""),"1VXfuZgL8iNYOe8XfW_5s4rVnIq-_Xurqk8xlOGGexqY") -> 1VXfuZgL8iNYOe8XfW_5s4rVnIq-_Xurqk8xlOGGexqY | C56: =IFERROR(__xludf.DUMMYFUNCTION("""COMPUTED_VALUE"""),"1eWOPuodcZlQ4YNCFI3CQ-Zpw7nxkVx7vi3XlMdj8he4") -> 1eWOPuodcZlQ4YNCFI3CQ-Zpw7nxkVx7vi3XlMdj8he4
A57: =IFERROR(__xludf.DUMMYFUNCTION("""COMPUTED_VALUE"""),"700 - Ingeniería Económica 1") -> 700 - Ingeniería Económica 1
A58: =IFERROR(__xludf.DUMMYFUNCTION("""COMPUTED_VALUE"""),"729 - Modelación y Simulación 1") -> 729 - Modelación y Simulación 1 | B58: =IFERROR(__xludf.DUMMYFUNCTION("""COMPUTED_VALUE"""),"17u8GNz3HZ-i9KS-yxFiuJx9u7OawTwjyLcvLoG_x6W8") -> 17u8GNz3HZ-i9KS-yxFiuJx9u7OawTwjyLcvLoG_x6W8 | C58: =IFERROR(__xludf.DUMMYFUNCTION("""COMPUTED_VALUE"""),"1NFJSyWLsOrGAG7qFKpXyw79GRTTb4abmj-M6aBddS5U") -> 1NFJSyWLsOrGAG7qFKpXyw79GRTTb4abmj-M6aBddS5U
A59: =IFERROR(__xludf.DUMMYFUNCTION("""COMPUTED_VALUE"""),"786 - Sistemas Organizacionales y Gerenciales 1") -> 786 - Sistemas Organizacionales y Gerenciales 1 | B59: =IFERROR(__xludf.DUMMYFUNCTION("""COMPUTED_VALUE"""),"1VTtCckO64u9REDx8UoxNJrYiavZGQU_hh4HvsOUiqlc") -> 1VTtCckO64u9REDx8UoxNJrYiavZGQU_hh4HvsOUiqlc | C59: =IFERROR(__xludf.DUMMYFUNCTION("""COMPUTED_VALUE"""),"1dMwVEKpg3j4uCN3CqoVXOWkBQbHNw7DIhtU8Bhc5Mqc") -> 1dMwVEKpg3j4uCN3CqoVXOWkBQbHNw7DIhtU8Bhc5Mqc
A60: =IFERROR(__xludf.DUMMYFUNCTION("""COMPUTED_VALUE"""),"972 - Inteligencia Artificial 1") -> 972 - Inteligencia Artificial 1 | B60: =IFERROR(__xludf.DUMMYFUNCTION("""COMPUTED_VALUE"""),"1C04a6qH3d2zJVb1hJwa6tsRQVM9LUb_nwyxMovG5tdI") -> 1C04a6qH3d2zJVb1hJwa6tsRQVM9LUb_nwyxMovG5tdI | C60: =IFERROR(__xludf.DUMMYFUNCTION("""COMPUTED_VALUE"""),"1CEh1GcUg3ntzgPT9yUocLDlrLJKmZCCl1MWUrEyfwzg") -> 1CEh1GcUg3ntzgPT9yUocLDlrLJKmZCCl1MWUrEyfwzg
A61: =IFERROR(__xludf.DUMMYFUNCTION("""COMPUTED_VALUE"""),"966 - Seguridad y Auditoría de Redes de Computadoras") -> 966 - Seguridad y Auditoría de Redes de Computadoras
A62: =IFERROR(__xludf.DUMMYFUNCTION("""COMPUTED_VALUE"""),"785 - Análisis y Diseño de Sistemas 2") -> 785 - Análisis y Diseño de Sistemas 2 | B62: =IFERROR(__xludf.DUMMYFUNCTION("""COMPUTED_VALUE"""),"1_ufF1kvClwUUTsCz0V0fLuXjs_JRZWRSMCWkUEd8co4") -> 1_ufF1kvClwUUTsCz0V0fLuXjs_JRZWRSMCWkUEd8co4 | C62: =IFERROR(__xludf.DUMMYFUNCTION("""COMPUTED_VALUE"""),"1HaBdPkxZx1GRiw5WlqxQhbxPWuW-mZVFEoUho7tsLDY") -> 1HaBdPkxZx1GRiw5WlqxQhbxPWuW-mZVFEoUho7tsLDY
A63: =IFERROR(__xludf.DUMMYFUNCTION("""COMPUTED_VALUE"""),"798 - Seminario de Sistemas 2") -> 798 - Seminario de Sistemas 2 | B63: =IFERROR(__xludf.DUMMYFUNCTION("""COMPUTED_VALUE"""),"1v6hbJdWzxkj7s5D7oM894pu3kMAvhEZGXUMfRFv7yKQ") -> 1v6hbJdWzxkj7s5D7oM894pu3kMAvhEZGXUMfRFv7yKQ | C63: =IFERROR(__xludf.DUMMYFUNCTION("""COMPUTED_VALUE"""),"1LxPO_wuZRiAXrS1EicVG-gQWzjILKll8Nqvs3MS7G_k") -> 1LxPO_wuZRiAXrS1EicVG-gQWzjILKll8Nqvs3MS7G_k
A64: =IFERROR(__xludf.DUMMYFUNCTION("""COMPUTED_VALUE"""),"788 - Sistemas Aplicados 1") -> 788 - Sistemas Aplicados 1
A65: =IFERROR(__xludf.DUMMYFUNCTION("""COMPUTED_VALUE"""),"776 - Bases de Datos Avanzadas") -> 776 - Bases de Datos Avanzadas | B65: =IFERROR(__xludf.DUMMYFUNCTION("""COMPUTED_VALUE"""),"1SZ2dJz29IsruB5vMYQ514xwGe6wyVx6cjMu_iwnHpFo") -> 1SZ2dJz29IsruB5vMYQ514xwGe6wyVx6cjMu_iwnHpFo
A66: =IFERROR(__xludf.DUMMYFUNCTION("""COMPUTED_VALUE"""),"2009 - Prácticas Finales Ingeniería Ciencias y Sistemas") -> 2009 - Prácticas Finales Ingeniería Ciencias y Sistemas
A67: =IFERROR(__xludf.DUMMYFUNCTION("""COMPUTED_VALUE"""),"720 - Modelación y Simulación 2") -> 720 - Modelación y Simulación 2 | B67: =IFERROR(__xludf.DUMMYFUNCTION("""COMPUTED_VALUE"""),"1ebc3-I4AbsLDHtzhtolQz7pqZDPvmSE0yZJu1xY6lLY") -> 1ebc3-I4AbsLDHtzhtolQz7pqZDPvmSE0yZJu1xY6lLY | C67: =IFERROR(__xludf.DUMMYFUNCTION("""COMPUTED_VALUE"""),"1VnSdYE6hCH1oAG4XdaAltDp-IuIjLZzv9KdrOGh2-0Y") -> 1VnSdYE6hCH1oAG4XdaAltDp-IuIjLZzv9KdrOGh2-0Y
A68: =IFERROR(__xludf.DUMMYFUNCTION("""COMPUTED_VALUE"""),"787 - Sistemas Organizacionales y Gerenciales 2") -> 787 - Sistemas Organizacionales y Gerenciales 2 | B68: =IFERROR(__xludf.DUMMYFUNCTION("""COMPUTED_VALUE"""),"1KpYHYX_EAJ-h4GLtSoCT8Rqz-xU4Qh5pUnEiPyxmEZA") -> 1KpYHYX_EAJ-h4GLtSoCT8Rqz-xU4Qh5pUnEiPyxmEZA | C68: =IFERROR(__xludf.DUMMYFUNCTION("""COMPUTED_VALUE"""),"106SYnPHxQ47_qT62NOXndjd6mPwE7LV7AXR9D4-euB8") -> 106SYnPHxQ47_qT62NOXndjd6mPwE7LV7AXR9D4-euB8
A69: =IFERROR(__xludf.DUMMYFUNCTION("""COMPUTED_VALUE"""),"790 - Emprendedores de Negocios Informáticos") -> 790 - Emprendedores de Negocios Informáticos
A70: =IFERROR(__xludf.DUMMYFUNCTION("""COMPUTED_VALUE"""),"968 - Inteligencia Artificial 2") -> 968 - Inteligencia Artificial 2
A71: =IFERROR(__xludf.DUMMYFUNCTION("""COMPUTED_VALUE"""),"974 - Redes de Nueva Generación") -> 974 - Redes de Nueva Generación
A72: =IFERROR(__xludf.DUMMYFUNCTION("""COMPUTED_VALUE"""),"780 - Software Avanzado") -> 780 - Software Avanzado | B72: =IFERROR(__xludf.DUMMYFUNCTION("""COMPUTED_VALUE"""),"1SZ2dJz29IsruB5vMYQ514xwGe6wyVx6cjMu_iwnHpFo") -> 1SZ2dJz29IsruB5vMYQ514xwGe6wyVx6cjMu_iwnHpFo | C72: =IFERROR(__xludf.DUMMYFUNCTION("""COMPUTED_VALUE"""),"13JrqVT0c3I6SzCOF1sKpi1qJKOryNTT4TsCaNwuV-24") -> 13JrqVT0c3I6SzCOF1sKpi1qJKOryNTT4TsCaNwuV-24
A73: =IFERROR(__xludf.DUMMYFUNCTION("""COMPUTED_VALUE"""),"789 - Sistemas Aplicados 2") -> 789 - Sistemas Aplicados 2
A74: =IFERROR(__xludf.DUMMYFUNCTION("""COMPUTED_VALUE"""),"735 - Auditoría de Proyectos de Software") -> 735 - Auditoría de Proyectos de Software
A75: =IFERROR(__xludf.DUMMYFUNCTION("""COMPUTED_VALUE"""),"7999 - Seminario de Investigación EPS Sistemas") -> 7999 - Seminario de Investigación EPS Sistemas
A76: =IFERROR(__xludf.DUMMYFUNCTION("""COMPUTED_VALUE"""),"799 - Seminario de Investigación") -> 799 - Seminario de Investigación
A77: =IFERROR(__xludf.DUMMYFUNCTION("""COMPUTED_VALUE"""),"90 - Programacion de Computadoras 1") -> 90 - Programacion de Computadoras 1 | B77: =IFERROR(__xludf.DUMMYFUNCTION("""COMPUTED_VALUE"""),"1qvDDGj5yCc7f5CzNszeAsW2HPXfptQjvWIcbjskCMYM") -> 1qvDDGj5yCc7f5CzNszeAsW2HPXfptQjvWIcbjskCMYM | C77: =IFERROR(__xludf.DUMMYFUNCTION("""COMPUTED_VALUE"""),"1YPGQg3r0TE0ZsibgKarHMDVR2FLaHLC0G5O84_GpNhw") -> 1YPGQg3r0TE0ZsibgKarHMDVR2FLaHLC0G5O84_GpNhw
A78: =IFERROR(__xludf.DUMMYFUNCTION("""COMPUTED_VALUE"""),"92 - Programacion de Computadoras 2") -> 92 - Programacion de Computadoras 2 | B78: =IFERROR(__xludf.DUMMYFUNCTION("""COMPUTED_VALUE"""),"1SCiXODhHsEGBVGnnYk9ZrO_gSOSvcGwu7lDEJBfLaEw") -> 1SCiXODhHsEGBVGnnYk9ZrO_gSOSvcGwu7lDEJBfLaEw | C78: =IFERROR(__xludf.DUMMYFUNCTION("""COMPUTED_VALUE"""),"1Bf3nWt47xcnM3VU3BvJaD4AcWQd-1GK4pJm4b69PzDk") -> 1Bf3nWt47xcnM3VU3BvJaD4AcWQd-1GK4pJm4b69PzDk
A79: =IFERROR(__xludf.DUMMYFUNCTION("""COMPUTED_VALUE"""),"667 - Programacion Comercial 1") -> 667 - Programacion Comercial 1 | B79: =IFERROR(__xludf.DUMMYFUNCTION("""COMPUTED_VALUE"""),"1q-0CM7N_hXOxknvTAL7P8U9-t9hqpm1-3l5E6r3G-qg") -> 1q-0CM7N_hXOxknvTAL7P8U9-t9hqpm1-3l5E6r3G-qg | C79: =IFERROR(__xludf.DUMMYFUNCTION("""COMPUTED_VALUE"""),"1R41rwbBQZrh9qjZ3XYjH5mTM9rwh34s58Htn787_YnY") -> 1R41rwbBQZrh9qjZ3XYjH5mTM9rwh34s58Htn787_YnY
A80: =IFERROR(__xludf.DUMMYFUNCTION("""COMPUTED_VALUE"""),"768 - Algoritmos") -> 768 - Algoritmos | B80: =IFERROR(__xludf.DUMMYFUNCTION("""COMPUTED_VALUE"""),"1SjAd6zUsLAnVyCAYH7AjoRBdaM836qJGVSbcpa5npcA") -> 1SjAd6zUsLAnVyCAYH7AjoRBdaM836qJGVSbcpa5npcA | C80: =IFERROR(__xludf.DUMMYFUNCTION("""COMPUTED_VALUE"""),"1afm0IKlaJOgHVN4bCH6AUAoNUqhq0_44_T5aENeyCWo") -> 1afm0IKlaJOgHVN4bCH6AUAoNUqhq0_44_T5aENeyCWo

Sheet Proyectos
A1: Curso | B1: ='Diseño Curricular'!B1 -> 90 - Programacion de Computadoras 1
A3: Total Ponderacion de Proyectos | H3: =SUM(C11,C35,C59) -> 40
A5: Proyecto No. 1
A7: Nombre | B7: PROYECTO APP TRANSFER F1
A9: Horas aproximadas de realización | C9: 20
A11: Pronderación | C11: 15
A13: Semana en que se asignará el proyecto | C13: 6
A15: Competencias | B15: Formula consultas en bases de datos relacionales empleando herramientas de Access y modelos entidad-relación bajo criterios de integridad y relaciones correctas para organizar y extraer información relevante
B16: Aplica conceptos fundamentales de programación mediante ejercicios prácticos y análisis de código, en entornos virtuales de laboratorio para desarrollar el pensamiento lógico y computacional
B17: Evalúa resultados obtenidos en procesos de programación y ofimática utilizando pruebas de funcionamiento, revisión crítica de errores y optimización de recursos bajo criterios de funcionalidad y eficiencia
B18: Crea soluciones digitales utilizando entornos de programación visual y aplicaciones de ofimática con estrategias de automatización básica y diseño de bases de datos para resolver problemas reales de forma efectiva
A25: Breve Descripción
A26: La Fase del Poyecto esta orientado a la solucion de los requerimientos que describen como diseñar e implementar un modelo Entidad Relacion y el modelo fisico en el gestor de base de datos ACCESS.
A29: Proyecto No. 2
A31: Nombre | B31: PROYECTO APP TRANSFER F2
A33: Horas aproximadas de realización | C33: 20
A35: Pronderación | C35: 25
A37: Semana en que se asignará el proyecto | C37: 9
A39: Competencias | B39: Aplica conceptos fundamentales de programación mediante ejercicios prácticos y análisis de código, en entornos virtuales de laboratorio para desarrollar el pensamiento lógico y computacional
B40: Crea soluciones digitales utilizando entornos de programación visual y aplicaciones de ofimática con estrategias de automatización básica y diseño de bases de datos para resolver problemas reales de forma efectiva
B41: Diseña macros automatizadas en hojas de cálculo utilizando Visual Basic para Aplicaciones (VBA) mediante la implementación de funciones y ciclos condicionales con conexión a bases de datos para optimizar tareas repetitivas
B42: Formula consultas en bases de datos relacionales empleando herramientas de Access y modelos entidad-relación bajo criterios de integridad y relaciones correctas para organizar y extraer información relevante
A49: Breve Descripción
A50: La Fase del Poyecto esta orientado a la solucion de los requerimientos que describen como comunicar la aplicacion de Excel con Access para el procesamiento de los datos recopilados por medio de Formularios.creados en Excel
A53: Proyecto No. 3
A55: Nombre
A57: Horas aproximadas de realización
A59: Pronderación
A61: Semana en que se asignará el proyecto
A63: Competencias
A73: Breve Descripción

Sheet Practicas
A1: Curso | B1: ='Diseño Curricular'!B1 -> 90 - Programacion de Computadoras 1
A3: Total Ponderacion de Practicas | H3: =SUM(C11,C35,C59,C83,C107,C131,C155) -> 20
A5: Practica No. 1
A7: Nombre | B7: Virtual Machine
A9: Horas aproximadas de realización | C9: 12
A11: Pronderación | C11: 20
A13: Semana en que se asignará la practica | C13: 3
A15: Competencias | B15: Aplica conceptos fundamentales de programación mediante ejercicios prácticos y análisis de código, en entornos virtuales de laboratorio para desarrollar el pensamiento lógico y computacional
B16: Evalúa resultados obtenidos en procesos de programación y ofimática utilizando pruebas de funcionamiento, revisión crítica de errores y optimización de recursos bajo criterios de funcionalidad y eficiencia
B17: Crea soluciones digitales utilizando entornos de programación visual y aplicaciones de ofimática con estrategias de automatización básica y diseño de bases de datos para resolver problemas reales de forma efectiva
A25: Breve Descripción
A26: Las máquinas virtuales son ordenadores de software que proporcionan la mismafuncionalidad que los ordenadores físicos. Como ocurre con los ordenadores físicos,ejecutan aplicaciones y un sistema operativo. Sin embargo, las máquinas virtualesson archivos informáticos que se ejecutan en un ordenador físico y se comportancomo un ordenador físico. En otras palabras, las máquinas virtuales se omportan como sistemas informáticos independientes. Para llevar a cabo la virtualización es necesario un software encargado de las operaciones de gestión de recursos, a este tipo de software se le conoce como “hipervisor” el cual debe ser ejecutado dentro de la máquina host. Se le solicita desarrollar la instalación de cualquier Sistema operativo Windows en una máquina virtual. Puede utilizar cualquier hipervisor, se recomienda el uso de VirtualBox, Oracle VM VirtualBox.
A29: Practica No. 2
A31: Nombre
A33: Horas aproximadas de realización
A35: Pronderación
A37: Semana en que se asignará la practica
A39: Competencias
A49: Breve Descripción
A53: Practica No. 3
A55: Nombre
A57: Horas aproximadas de realización
... A83: Pronderación
A85: Semana en que se asignará el proyecto | Q85: Semana en que se asignará el proyecto
A87: Competencias
A97: Breve Descripción
A101: Practica No. 5
A103: Nombre
A105: Horas aproximadas de realización
A107: Pronderación
A109: Semana en que se asignará el proyecto | Q109: Semana en que se asignará el proyecto
A111: Competencias
A121: Breve Descripción
A125: Practica No. 6
A127: Nombre
A129: Horas aproximadas de realización
A131: Pronderación
A133: Semana en que se asignará el proyecto | Q133: Semana en que se asignará el proyecto
A135: Competencias
A145: Breve Descripción
A149: Practica No. 7
A151: Nombre
A153: Horas aproximadas de realización
A155: Pronderación
A157: Semana en que se asignará el proyecto | Q157: Semana en que se asignará el proyecto
A159: Competencias
A169: Breve Descripción

Sheet Tareas
A1: Curso | B1: ='Diseño Curricular'!B1 -> 90 - Programacion de Computadoras 1
A3: Total Ponderacion de Tareas | H3: =SUM(C11,C35,C59,C83,C107,C131,C155) -> 15
A5: Tarea No. 1
A7: Nombre | B7: Instalación de un Hipervisor
A9: Horas aproximadas de realización | C9: 3
A11: Pronderación | C11: 3
A13: Semana en que se asignará la tarea | C13: 2
A15: Competencias | B15: Aplica conceptos fundamentales de programación mediante ejercicios prácticos y análisis de código, en entornos virtuales de laboratorio para desarrollar el pensamiento lógico y computacional
B16: Evalúa resultados obtenidos en procesos de programación y ofimática utilizando pruebas de funcionamiento, revisión crítica de errores y optimización de recursos bajo criterios de funcionalidad y eficiencia
A25: Breve Descripción
A26: Familiarizarse con la instalación y configuración de un software de virtualización.
A29: Tarea No. 2
A31: Nombre | B31: Microsoft Excel y Analisis de Datos
A33: Horas aproximadas de realización | C33: 3
A35: Pronderación | C35: 3
A37: Semana en que se asignará la tarea | C37: 4
A39: Competencias | B39: Integra herramientas de ofimática como Word, Excel, PowerPoint y Access en la resolución de tareas y proyectos con base en situaciones académicas y laborales comunes
B40: Evalúa resultados obtenidos en procesos de programación y ofimática utilizando pruebas de funcionamiento, revisión crítica de errores y optimización de recursos bajo criterios de funcionalidad y eficiencia
B41: Crea soluciones digitales utilizando entornos de programación visual y aplicaciones de ofimática con estrategias de automatización básica y diseño de bases de datos para resolver problemas reales de forma efectiva
A49: Breve Descripción
A50: El objetivo de esta tarea es que desarrolles habilidades avanzadas en el uso de Microsoft Excel, incluyendo la gestión de datos, la aplicación de funciones y fórmulas avanzadas, el análisis mediante tablas dinámicas y la creación de visualizaciones gráficas para interpretar la información de manera efectiva.
A53: Tarea No. 3
A55: Nombre | B55: Microsoft Excel y VBA (Macros)
A57: Horas aproximadas de realización | C57: 3
A59: Pronderación | C59: 3
A61: Semana en que se asignará la tarea | C61: 7
A63: Competencias | B63: Integra herramientas de ofimática como Word, Excel, PowerPoint y Access en la resolución de tareas y proyectos con base en situaciones académicas y laborales comunes
B64: Evalúa resultados obtenidos en procesos de programación y ofimática utilizando pruebas de funcionamiento, revisión crítica de errores y optimización de recursos bajo criterios de funcionalidad y eficiencia
B65: Crea soluciones digitales utilizando entornos de programación visual y aplicaciones de ofimática con estrategias de automatización básica y diseño de bases de datos para resolver problemas reales de forma efectiva
B66: Diseña macros automatizadas en hojas de cálculo utilizando Visual Basic para Aplicaciones (VBA) mediante la implementación de funciones y ciclos condicionales con conexión a bases de datos para optimizar tareas repetitivas
A73: Breve Descripción
A74: Desarrollar un formulario interactivo en Microsoft Excel utilizando macros programados en VBA (Visual Basic for Applications). El formulario permitirá ingresar los datos de un usuario y reflejar la información capturada en una tabla dentro de la hoja de cálculo.
A77: Tarea No. 4
A79: Nombre | B79: Powerpoint sobre tema del Curso
A81: Horas aproximadas de realización | C81: 3
A83: Pronderación | C83: 3
A85: Semana en que se asignará la tarea | C85: 10
A87: Competencias | B87: Aplica conceptos fundamentales de programación mediante ejercicios prácticos y análisis de código, en entornos virtuales de laboratorio para desarrollar el pensamiento lógico y computacional
B88: Integra herramientas de ofimática como Word, Excel, PowerPoint y Access en la resolución de tareas y proyectos con base en situaciones académicas y laborales comunes
A97: Breve Descripción
A98: Desarrollar una presentación utilizando PowerPoint o Canva que aborde un tema de interés relacionado con la materia de Programación de Computadoras. La presentación debe ser clara, coherente y visualmente atractiva, incorporando los elementos y técnicas estudiados en la clase
A101: Tarea No. 5
A103: Nombre | B103: Investigacion sobre Visual Basic
A105: Horas aproximadas de realización | C105: 3
A107: Pronderación | C107: 3
A109: Semana en que se asignará la tarea | C109: 13
A111: Competencias | B111: Aplica conceptos fundamentales de programación mediante ejercicios prácticos y análisis de código, en entornos virtuales de laboratorio para desarrollar el pensamiento lógico y computacional
B112: Integra herramientas de ofimática como Word, Excel, PowerPoint y Access en la resolución de tareas y proyectos con base en situaciones académicas y laborales comunes
B113: Formula consultas en bases de datos relacionales empleando herramientas de Access y modelos entidad-relación bajo criterios de integridad y relaciones correctas para organizar y extraer información relevante
B114: Evalúa resultados obtenidos en procesos de programación y ofimática utilizando pruebas de funcionamiento, revisión crítica de errores y optimización de recursos bajo criterios de funcionalidad y eficiencia
A121: Breve Descripción
A122: Cada estudiante deberá realizar una investigación sobre los componentes que se pueden utilizar en Visual Basic para desarrollar aplicaciones, describiendo específicamente su funcionalidad y cómo pueden conectarse a una base de datos. Además, deben incluir ejemplos visuales (imágenes) de los componentes.
A125: Tarea No. 6
A127: Nombre
A129: Horas aproximadas de realización
A131: Pronderación | C131: 0
A133: Semana en que se asignará la tarea
A135: Competencias
A145: Breve Descripción
A149: Tarea No. 7
A151: Nombre
A153: Horas aproximadas de realización
A155: Pronderación | C155: 0
A157: Semana en que se asignará la tarea
A159: Competencias
A169: Breve Descripción

Sheet Resumen de Ponderaciones
A1: Curso | B1: ='Diseño Curricular'!B1 -> 90 - Programacion de Computadoras 1
A2: Ponderacion
A3: Actividades en Clase | B3: Semana 1 | C3: Semana 2 | D3: Semana 3 | E3: Semana 4 | F3: Semana 5 | G3: Semana 6 | H3: Semana 7 | I3: Semana 8 | J3: Semana 9 | K3: Semana 10 | L3: Semana 11 | M3: Total
B4: =S.1!$B$11 -> 0 | C4: =S.2!$B$11 -> 0 | D4: =S.3!$B$11 -> 0 | E4: =S.4!$B$11 -> 5 | F4: =S.5!$B$11 -> 0 | G4: =S.6!$B$11 -> 0 | H4: =S.7!$B$11 -> 0 | I4: =S.8!$B$11 -> 5 | J4: =S.9!$B$11 -> 0 | K4: =S.10!$B$11 -> 5 | L4: 0 | M4: =SUM(B4:L4) -> 15
A5: Proyectos | J5: 40 | M5: =Proyectos!H3 -> 40
A6: Practicas | D6: 20 | M6: =Practicas!H3 -> 20
A7: Tareas | M7: =Tareas!H3 -> 15
A8: Examen Final | M8: 10
A9: Total | M9: =SUM(M4:M8) -> 100
A12: Tiempo de Auto Aprendizaje
A14: Proyectos | M14: =Proyectos!C9+Proyectos!C33+Proyectos!C57 -> 40
A15: Practicas | M15: =Practicas!C9+Practicas!C33+Practicas!C57+Practicas!C81+Practicas!C105+Practicas!C129+Practicas!C153 -> 12
A16: Tareas | M16: =Tareas!C9+Tareas!C33+Tareas!C57+Tareas!C81+Tareas!C105+Tareas!C153 -> 15
A17: Total | M17: =SUM(M14:M16) -> 67
